time,p_in,alpha,c_in,j_ck,m_ads,c_ads,c_ads_vol,c_ads/c_gas,alpha_ck,n_ck,c_gas,c_liq,u_ck,Pe,c_mat,rxn,material
0,-5.0,1.44e-06,3.5430788860000004,0.36944015700000005,0,0,0,0,0.018513157,0.147628287,45570.333210000004,243244.3687,1.456781186,0.069285517,761.2879843123054,5.564159430513499e-14,drywall
1,-5.006022144,1.0366859390101668e-06,2.5507361541111155,0.369521075,0,0,0,0,0.018513165,0.147660622,45570.35409,243244.4802,1.459198578,0.06940049,716.0826726835118,68.76414610706718,drywall
2,-5.932511744,8.779157781062645e-07,2.1600867063156715,0.37736079299999997,0,0,0,0,0.018541238,0.150793373,45639.455839999995,243613.33,1.7386858230000002,0.082693096,643.2092746194862,73.29232451251963,drywall
3,-8.885753344,7.722787594322476e-07,1.9001698379518543,0.40593971700000003,0,0,0,0,0.018693254,0.162213511,46013.64521,245610.6701,2.609542943,0.124111661,572.6643714968938,67.27702527640893,drywall
4,-12.49102694,6.847178638497972e-07,1.6847287543564162,0.44704521700000005,0,0,0,0,0.018988321000000002,0.178639269,46739.9553,249487.5529,3.658415008,0.17399674,508.96357068056454,60.151680578740496,drywall
5,-14.68241254,6.080462113914894e-07,1.4960803425649158,0.478794647,0,0,0,0,0.019312376000000003,0.191326341,47537.62033,253745.3126,4.286323923,0.20386052100000002,452.1904413157073,53.50552469708712,drywall
6,-15.0,5.401309058988639e-07,1.3289766724766094,0.490256982,0,0,0,0,0.019554477,0.19590669,48133.55288,256926.2688,4.37217887,0.20794384100000002,401.7221048421854,47.54512734928728,drywall
7,-15.0,4.798317137229097e-07,1.1806122317533596,0.494826826,0,0,0,0,0.019707281,0.1977328,48509.683189999996,258933.9694,4.3705340569999995,0.207865613,356.8814897244451,42.240095280144246,drywall
8,-15.0,4.2626959776942963e-07,1.0488241747226243,0.498128949,0,0,0,0,0.01982167,0.199052328,48791.2526,260436.9246,4.3705412589999995,0.207865955,317.0451444946694,37.52546510893298,drywall
9,-15.0,3.7868740991725593e-07,0.9317495600499004,0.500535895,0,0,0,0,0.019907231,0.20001414399999998,49001.86109,261561.1062,4.370541775,0.20786598,281.6553129868576,33.33678749643447,drywall
10,-15.0,3.364167360980974e-07,0.8277437740043077,0.502821728,0,0,0,0,0.019988851999999998,0.200927563,49202.77304,262633.5298,4.370541932,0.207865987,250.2158064500522,29.615611475255022,drywall
11,-15.0,2.988645219511973e-07,0.7353476232637297,0.5043419020000001,0,0,0,0,0.02004427,0.20153502399999998,49339.18488,263361.666,4.370541941,0.207865988,222.28570000137293,26.309798401713582,drywall
12,-15.0,2.655040451184472e-07,0.6532651225046956,0.5058385,0,0,0,0,0.020098881000000002,0.20213306399999997,49473.61056,264079.2006,4.370541946,0.207865988,197.47326480608612,23.372991897743006,drywall
13,-15.0,2.3586740171630215e-07,0.5803450075810489,0.507335097,0,0,0,0,0.020153492,0.202731105,49608.036239999994,264796.7352,4.370541951,0.207865988,175.43049453183286,20.764003388952016,drywall
14,-15.0,2.0953892138361475e-07,0.5155645334371524,0.508750894,0,0,0,0,0.020205246,0.203296857,49735.427910000006,265476.7238,4.370541954,0.207865988,155.84822804470625,18.446240751163312,drywall
15,-15.0,1.861493333210474e-07,0.4580151198144301,0.509825916,0,0,0,0,0.020244947,0.203726436,49833.15353,265998.3616,4.370541955,0.207865988,138.45181391430128,16.387196211643083,drywall
16,-15.0,1.6537058637208091e-07,0.40688960620858283,0.5109009379999999,0,0,0,0,0.020284649,0.204156015,49930.87915,266519.9993,4.370541955,0.207865988,122.99725840017925,14.55799061032102,drywall
17,-15.0,1.4691124781014184e-07,0.3614709307166857,0.51197596,0,0,0,0,0.02032435,0.204585593,50028.60477,267041.6371,4.370541955,0.207865988,109.26780333339083,12.932968389994786,drywall
18,-15.0,1.3051241582102972e-07,0.3211220728169047,0.512989313,0,0,0,0,0.020361846,0.20499053,50120.90227,267534.3008,4.370541955,0.207865988,97.07088597418532,11.489337770099489,drywall
19,-15.0,1.1594408826653391e-07,0.28527711881505324,0.513915088,0,0,0,0,0.020396211,0.205360469,50205.490999999995,267985.8167,4.370541955,0.207865988,86.23543822019238,10.206851081260492,drywall
20,-15.0,1.0300193678425795e-07,0.2534333246093133,0.514799961,0,0,0,0,0.020429145,0.20571406399999997,50286.55774,268418.5331,4.370497641,0.20786388100000003,76.60948728752906,9.067520781409597,drywall
21,-14.847366899999999,9.150444097606202e-08,0.22514406444272128,0.513978494,0,0,0,0,0.020455788,0.205385806,50352.14015,268768.5975,4.322474956000001,0.205579889,68.05802421357451,8.055367171197956,drywall
22,-13.53693008,8.129034249015513e-08,0.20001256674484538,0.500268642,0,0,0,0,0.020433775,0.19990734899999998,50297.9539,268479.3632,3.9320456439999996,0.187010801,60.46111028613422,7.156194270417329,drywall
23,-10.43305574,7.221638328893172e-08,0.17768634920437307,0.465453351,0,0,0,0,0.020290356000000002,0.185995159,49944.926889999995,266594.983,3.018064597,0.14354123300000002,53.71219484069256,6.357390712003738,drywall
24,-5.692040479,6.41552963805694e-08,0.15785227502157478,0.41198973,0,0,0,0,0.019967309,0.164631096,49149.74402,262350.4726,1.627987209,0.077428194,47.716620831988735,5.647752861062896,drywall
25,-3.55e-15,5.6994020833351916e-08,0.14023216100200925,0.350123526,0,0,0,0,0.01945117,0.139909361,47879.26363,255568.9291,-0.034497167,-0.001640709,42.39029721978166,5.017327678070415,drywall
26,5.692040479,5.063211603736531e-08,0.1245788758927021,0.29159276,0,0,0,0,0.018771407,0.11652046699999999,46206.01884,246637.5181,-1.690225626,-0.080388296,37.65851954832437,4.457273122321763,drywall
27,10.43305574,4.498035297276383e-08,0.11067287423793533,0.24504655600000003,0,0,0,0,0.018016337,0.09792060400000001,44347.406780000005,236716.6576,-3.063787542,-0.145715848,33.454922177562224,3.9597341377178332,drywall
28,13.53693008,3.995946272641118e-08,0.09831911714017463,0.213925079,0,0,0,0,0.017292649,0.085484462,42566.03968,227208.1137,-3.957801473,-0.18823576600000003,29.72054747055362,3.517732481522397,drywall
29,14.847366899999999,3.549902470419256e-08,0.0873443367382063,0.197240623,0,0,0,0,0.016694163999999997,0.07881735299999999,41092.861730000004,219344.6153,-4.330651686,-0.20596878,26.4030188819825,3.1250688508824043,drywall
30,15.0,3.1536478945597975e-08,0.07759460603536926,0.19008908300000002,0,0,0,0,0.016252509,0.075959598,40005.724839999995,213541.7189,-4.369329658,-0.207808331,23.455806349900286,2.776235934384909,drywall
31,15.0,2.8016248687775494e-08,0.06893317999346012,0.185762683,0,0,0,0,0.015926041999999998,0.074230768,39202.1223,209252.2661,-4.370054915,-0.20784282399999998,20.837573687434038,2.4663411691533583,drywall
32,15.0,2.488896087255942e-08,0.06123857761253154,0.18242793100000002,0,0,0,0,0.015666367,0.072898201,38562.92909,205840.39399999997,-4.370014545,-0.207840904,18.511598821290967,2.1910381201115174,drywall
33,15.0,2.2110753663679705e-08,0.054402878096757444,0.17973637,0,0,0,0,0.015452438,0.071822654,38036.33994,203029.5774,-4.3698580819999995,-0.207833463,16.44525874560298,1.9464655189735034,drywall
34,15.0,1.9642661261721515e-08,0.04833020720920529,0.17742901,0,0,0,0,0.015267488999999999,0.070900632,37581.08821,200599.5443,-4.36993445,-0.207837095,14.609571967321342,1.7291931079501075,drywall
35,15.0,1.745006738854527e-08,0.0429353925858555,0.175438187,0,0,0,0,0.015106465,0.0701051,37184.72427,198483.8412,-4.369952355,-0.207837947,12.978792025720455,1.536173528601229,drywall
36,15.0,1.5502219776002176e-08,0.038142769148947896,0.173706644,0,0,0,0,0.014965291,0.069413175,36837.22272,196628.9547,-4.369946815,-0.207837683,11.530046384910618,1.3646995810506328,drywall
37,15.0,1.37717988493973e-08,0.03388511786495741,0.17217418899999998,0,0,0,0,0.014839635,0.06880080599999999,36527.91943,194977.9621,-4.369946892,-0.207837687,10.2430156346396,1.2123662541012497,drywall
38,15.0,1.2234534556261608e-08,0.0301027229627277,0.17079969,0,0,0,0,0.014726433999999998,0.06825155599999999,36249.27332,193490.6108,-4.369946879,-0.20783768600000002,9.099648500007714,1.0770369937037165,drywall
39,15.0,1.0868865966257569e-08,0.026742534388757767,0.169552822,0,0,0,0,0.014623394,0.067753308,35995.640269999996,192136.7735,-4.369946875,-0.20783768600000002,8.083908662959502,0.9568137366758679,drywall
40,15.0,9.655638867929982e-09,0.023757423752641435,0.168398467,0,0,0,0,0.014527801000000002,0.067292027,35760.33627,190880.7728,-4.369946873,-0.20783768600000002,7.181549844591938,0.8500102893805338,drywall
41,15.0,8.577837120939503e-09,0.021105523326908186,0.167335979,0,0,0,0,0.014439603999999998,0.066867457,35543.23882,189721.9546,-4.369946873,-0.20783768600000002,6.379915993691736,0.7551286779837905,drywall
42,15.0,7.620343995854308e-09,0.018749638830394634,0.16635588,0,0,0,0,0.014358055,0.06647581,35342.50456,188650.4795,-4.369946873,-0.20783768600000002,5.6677637790421,0.6708381385937212,drywall
43,15.0,6.769730154166486e-09,0.016656727759128336,0.165441681,0,0,0,0,0.014281855,0.06611049599999999,35154.93911,187649.2965,-4.369946873,-0.20783768600000002,5.03510489586138,0.5959564526054837,drywall
44,15.0,6.014065294842784e-09,0.014797435948043636,0.164603226,0,0,0,0,0.014211781000000001,0.065775449,34982.44944,186728.5848,-4.369946873,-0.20783768600000002,4.47306597463947,0.5294333654712043,drywall
45,14.8982446,5.342750825654688e-09,0.0131456858635668,0.1643183,0,0,0,0,0.014150005,0.065661593,34830.38728,185916.9106,-4.33722881,-0.20628159199999999,3.9737641275206093,0.47033585633432345,drywall
46,14.02462006,4.7463712124163185e-09,0.011678310852660056,0.167813455,0,0,0,0,0.014124359,0.067058257,34767.26068,185579.9548,-4.0781187160000005,-0.193958137,3.5301963867059607,0.41783505192736703,drywall
47,11.95537049,4.216561921226003e-09,0.010374730218477395,0.178280823,0,0,0,0,0.01418798,0.071241017,34923.86325,186415.8647,-3.468085252,-0.164944525,3.136141484192103,0.37119460119376174,drywall
48,8.794693652000001,3.745892101532839e-09,0.009216660565399425,0.196766391,0,0,0,0,0.014373893,0.07862785,35381.49069,188858.5788,-2.541423622,-0.120871859,2.7860725952552685,0.32976034758172296,drywall
49,5.0,3.3277603645972937e-09,0.008187859364911343,0.22245299,0,0,0,0,0.014682011000000002,0.088892215,36139.92611,192906.9395,-1.433485329,-0.06817755,2.4750798218633427,0.2929511541587751,drywall
50,1.205306348,2.9563021955846444e-09,0.0072738971457023596,0.252495653,0,0,0,0,0.015080028999999998,0.100897263,37119.65175,198136.4984,-0.329668251,-0.015679249,2.1988013288052137,0.26025075286436583,drywall
51,-1.955370491,2.6263077006977404e-09,0.006461955112834286,0.28215869,0,0,0,0,0.015515236000000002,0.11275061300000001,38190.91938,203854.6883,0.586056184,0.027873236000000003,1.9533621666859176,0.23120050358211042,drywall
52,-4.024620056,2.3331485357098915e-09,0.00574064535748301,0.306024937,0,0,0,0,0.015926695,0.122287565,39203.72855,209260.8399,1.181961738,0.056214915,1.73531992374829,0.20539296147388955,drywall
53,-4.898244599,2.072712991032618e-09,0.0050998511356010945,0.320686149,0,0,0,0,0.016267677,0.128146185,40043.05935,213741.0022,1.430525761,0.068036791,1.5416164442597016,0.18246616235432342,drywall
54,-5.0,1.8413483228525882e-09,0.004530584975326748,0.327567799,0,0,0,0,0.016523665,0.130896092,40673.17783,217104.4354,1.456166131,0.069256265,1.3695349362891605,0.1620985459550265,drywall
55,-5.0,1.635809521501997e-09,0.004024862623021867,0.33176546,0,0,0,0,0.016709997,0.132573478,41131.8355,219552.6487,1.456770685,0.069285018,1.2166618672890768,0.14400444587479033,drywall
56,-5.0,1.453213798512153e-09,0.003575591059966853,0.335031862,0,0,0,0,0.016858716,0.133878732,41497.91043,221506.6758,1.456780978,0.069285508,1.0808531130474228,0.12793008295989822,drywall
57,-5.0,1.2910001540075656e-09,0.003176469019088163,0.337794909,0,0,0,0,0.016985992,0.134982846,41811.20018,223178.9473,1.456781245,0.06928552,0.9602038852317643,0.11365000591965414,drywall
58,-5.0,1.146893457352222e-09,0.0028218986064140277,0.340184074,0,0,0,0,0.017097006,0.135937556,42084.4623,224637.56,1.456781237,0.06928552,0.8530220157433387,0.10096392925490599,drywall
59,-5.0,1.01887253726046e-09,0.002506906787703323,0.342237613,0,0,0,0,0.017193188999999998,0.13675815,42321.21895,225901.3147,1.456781226,0.069285519,0.7578042231803684,0.08969392414986936,drywall
60,-5.0,9.051418338196665e-10,0.0022270756390567925,0.344048024,0,0,0,0,0.017278379,0.137481591,42530.91325,227020.6166,1.4567812119999999,0.069285519,0.6732150285354298,0.0796819229280501,drywall
61,-5.0,8.041062148296878e-10,0.0019784803832391994,0.345613733,0,0,0,0,0.017352541000000003,0.13810724800000002,42713.46516,227995.0383,1.45678119,0.069285518,0.5980680244085773,0.07078750207096347,drywall
62,-5.0,7.143486032450346e-10,0.0017576343426396344,0.347019695,0,0,0,0,0.017419358,0.13866907,42877.93474,228872.9406,1.456781184,0.069285517,0.5313092350272072,0.06288591270533578,drywall
63,-5.0,6.346101019331305e-10,0.0015614400368066546,0.34822997200000005,0,0,0,0,0.017477271000000003,0.139152697,43020.48926,229633.8651,1.456781186,0.069285517,0.47200233368829386,0.05586633093534851,drywall
64,-5.0,5.637723369880162e-10,0.0013871457386757757,0.349345332,0,0,0,0,0.017530707,0.139598395,43152.02171,230335.9563,1.456781185,0.069285517,0.4193155102899485,0.04963030347992488,drywall
65,-5.0,5.008417719553103e-10,0.0012323068801678382,0.35033007899999996,0,0,0,0,0.017578097,0.13999189999999997,43268.67347,230958.6176,1.456781186,0.069285517,0.37250980476260415,0.044090366814315246,drywall
66,-5.0,4.4493577296728405e-10,0.001094751765851718,0.351231026,0,0,0,0,0.017621522,0.14035191800000002,43375.563369999996,231529.1722,1.456781186,0.069285517,0.33092874277014267,0.03916882044872426,drywall
67,-5.0,3.9527022934432677e-10,0.0009725511137876819,0.35205041299999995,0,0,0,0,0.01766108,0.140679345,43472.93634,232048.9277,1.456781186,0.069285517,0.2939891283162844,0.03479663713857509,drywall
68,-5.0,3.5114855603531083e-10,0.0008639909963459013,0.35279930299999995,0,0,0,0,0.017697301999999998,0.14097860199999998,43562.096919999996,232524.8472,1.456781186,0.069285517,0.26117286411776325,0.030912494741543787,drywall
69,-5.0,3.119519236503655e-10,0.0007675488014810375,0.353492309,0,0,0,0,0.017730864,0.141255527,43644.71181,232965.8272,1.456781186,0.069285517,0.23201968502077205,0.027461916142655817,drywall
70,-5.0,2.7713057905719453e-10,0.0006818718773072916,0.35413123399999996,0,0,0,0,0.017761855,0.141510841,43720.994419999995,233373.0069,1.456781186,0.069285517,0.20612070254306675,0.024396505184446898,drywall
71,-5.0,2.4619613480779377e-10,0.0006057585604529888,0.354740564,0,0,0,0,0.017791414,0.141754329,43793.75474,233761.3854,1.456781186,0.069285517,0.18311267000058112,0.021673267885712232,drywall
72,-5.0,2.1871471925076909e-10,0.0005381413221075123,0.355308403,0,0,0,0,0.017818986999999998,0.141981238,43861.62759,234123.6757,1.456781186,0.069285517,0.16267288778397176,0.019254009428584243,drywall
0,-5.0,1.44e-06,3.5430788860000004,0.36944015700000005,0,0,0,0,0.018513157,0.147628287,45570.333210000004,243244.3687,1.456781186,0.069285517,147042.23472801872,0.0,concrete
1,-5.006022144,1.4055522051152423e-06,3.4583210702184424,0.369521075,0,0,0,0,0.018513165,0.147660622,45570.35409,243244.4802,1.459198578,0.06940049,146733.2360615679,322.79113997528333,concrete
2,-5.932511744,1.4024635992793418e-06,3.4507216437431953,0.37736079299999997,0,0,0,0,0.018541238,0.150793373,45639.455839999995,243613.33,1.7386858230000002,0.082693096,146410.79970742177,322.0818283391891,concrete
3,-8.885753344,1.3993817804500532e-06,3.4431389165039388,0.40593971700000003,0,0,0,0,0.018693254,0.162213511,46013.64521,245610.6701,2.609542943,0.124111661,146089.07188533683,321.37407532252746,concrete
4,-12.49102694,1.396306733709039e-06,3.4355728517945288,0.44704521700000005,0,0,0,0,0.018988321000000002,0.178639269,46739.9553,249487.5529,3.658415008,0.17399674,145768.05103836374,320.6678775452149,concrete
5,-14.68241254,1.3932384441750942e-06,3.428023413000185,0.478794647,0,0,0,0,0.019312376000000003,0.191326341,47537.62033,253745.3126,4.286323923,0.20386052100000002,145447.73561297258,319.96323158971444,concrete
6,-15.0,1.390176896999713e-06,3.4204905635865837,0.490256982,0,0,0,0,0.019554477,0.19590669,48133.55288,256926.2688,4.37217887,0.20794384100000002,145128.1240590471,319.2601340460065,concrete
7,-15.0,1.3871220773670193e-06,3.4129742670996843,0.494826826,0,0,0,0,0.019707281,0.1977328,48509.683189999996,258933.9694,4.3705340569999995,0.207865613,144809.2148298775,318.55858151155854,concrete
8,-15.0,1.3840739704936936e-06,3.405474487165551,0.498128949,0,0,0,0,0.01982167,0.199052328,48791.2526,260436.9246,4.3705412589999995,0.207865955,144491.00638215267,317.8585705913201,concrete
9,-15.0,1.3810325616289013e-06,3.3979911874901765,0.500535895,0,0,0,0,0.019907231,0.20001414399999998,49001.86109,261561.1062,4.370541775,0.20786598,144173.4971759527,317.1600978976954,concrete
10,-15.0,1.3779978360542221e-06,3.3905243318593086,0.502821728,0,0,0,0,0.019988851999999998,0.200927563,49202.77304,262633.5298,4.370541932,0.207865987,143856.6856747418,316.4631600505386,concrete
11,-15.0,1.3749697790835788e-06,3.383073884138273,0.5043419020000001,0,0,0,0,0.02004427,0.20153502399999998,49339.18488,263361.666,4.370541941,0.207865988,143540.57034536047,315.76775367712344,concrete
12,-15.0,1.3719483760631646e-06,3.3756398082717967,0.5058385,0,0,0,0,0.020098881000000002,0.20213306399999997,49473.61056,264079.2006,4.370541946,0.207865988,143225.14965801817,315.0738754121412,concrete
13,-15.0,1.368933612371375e-06,3.3682220682838384,0.507335097,0,0,0,0,0.020153492,0.202731105,49608.036239999994,264796.7352,4.370541951,0.207865988,142910.4220862861,314.3815218976849,concrete
14,-15.0,1.3659254734187338e-06,3.36082062827741,0.508750894,0,0,0,0,0.020205246,0.203296857,49735.427910000006,265476.7238,4.370541954,0.207865988,142596.38610708952,313.6906897832099,concrete
15,-15.0,1.362923944647826e-06,3.3534354524344065,0.509825916,0,0,0,0,0.020244947,0.203726436,49833.15353,265998.3616,4.370541955,0.207865988,142283.04020070075,313.00137572554684,concrete
16,-15.0,1.3599290115332244e-06,3.3460665050154295,0.5109009379999999,0,0,0,0,0.020284649,0.204156015,49930.87915,266519.9993,4.370541955,0.207865988,141970.38285073146,312.3135763888636,concrete
17,-15.0,1.3569406595814215e-06,3.338713750359617,0.51197596,0,0,0,0,0.02032435,0.204585593,50028.60477,267041.6371,4.370541955,0.207865988,141658.4125441256,311.62728844466767,concrete
18,-15.0,1.3539588743307564e-06,3.331377152884466,0.512989313,0,0,0,0,0.020361846,0.20499053,50120.90227,267534.3008,4.370541955,0.207865988,141347.1277711518,310.94250857177354,concrete
19,-15.0,1.3509836413513483e-06,3.3240566770856663,0.513915088,0,0,0,0,0.020396211,0.205360469,50205.490999999995,267985.8167,4.370541955,0.207865988,141036.52702539638,310.2592334563033,concrete
20,-15.0,1.3480149462450245e-06,3.3167522875369246,0.514799961,0,0,0,0,0.020429145,0.20571406399999997,50286.55774,268418.5331,4.370497641,0.20786388100000003,140726.60880375575,309.5774597916488,concrete
21,-14.847366899999999,1.3450527746452517e-06,3.3094639488897974,0.513978494,0,0,0,0,0.020455788,0.205385806,50352.14015,268768.5975,4.322474956000001,0.205579889,140417.3716064294,308.89718427847004,concrete
22,-13.53693008,1.3420971122170648e-06,3.302191625873511,0.500268642,0,0,0,0,0.020433775,0.19990734899999998,50297.9539,268479.3632,3.9320456439999996,0.187010801,140108.81393691243,308.21840362469146,concrete
23,-10.43305574,1.3391479446570012e-06,3.2949352832948042,0.465453351,0,0,0,0,0.020290356000000002,0.185995159,49944.926889999995,266594.983,3.018064597,0.14354123300000002,139800.9343019886,307.5411145454508,concrete
24,-5.692040479,1.3362052576930266e-06,3.2876948860377446,0.41198973,0,0,0,0,0.019967309,0.164631096,49149.74402,262350.4726,1.627987209,0.077428194,139493.73121172265,306.8653137631179,concrete
25,-3.55e-15,1.3332690370844714e-06,3.280470399063571,0.350123526,0,0,0,0,0.01945117,0.139909361,47879.26363,255568.9291,-0.034497167,-0.001640709,139187.20317945362,306.19099800725974,concrete
26,5.692040479,1.3303392686219553e-06,3.2732617874105085,0.29159276,0,0,0,0,0.018771407,0.11652046699999999,46206.01884,246637.5181,-1.690225626,-0.080388296,138881.34872178716,305.5181640146312,concrete
27,10.43305574,1.3274159381273247e-06,3.266069016193616,0.24504655600000003,0,0,0,0,0.018016337,0.09792060400000001,44347.406780000005,236716.6576,-3.063787542,-0.145715848,138576.16635858867,304.84680852915926,concrete
28,13.53693008,1.324499031453582e-06,3.2588920506046093,0.213925079,0,0,0,0,0.017292649,0.085484462,42566.03968,227208.1137,-3.957801473,-0.18823576600000003,138271.65461297616,304.17692830192846,concrete
29,14.847366899999999,1.3215885344848149e-06,3.251730855911688,0.197240623,0,0,0,0,0.016694163999999997,0.07881735299999999,41092.861730000004,219344.6153,-4.330651686,-0.20596878,137967.81201131272,303.50852009114743,concrete
30,15.0,1.3186844331361298e-06,3.2445853974593755,0.19008908300000002,0,0,0,0,0.016252509,0.075959598,40005.724839999995,213541.7189,-4.369329658,-0.207808331,137664.63708319992,302.8415806621717,concrete
31,15.0,1.315786713353586e-06,3.237455640668351,0.185762683,0,0,0,0,0.015926041999999998,0.074230768,39202.1223,209252.2661,-4.370054915,-0.20784282399999998,137362.12836147036,302.1761067874434,concrete
32,15.0,1.3128953611141233e-06,3.230341551035275,0.18242793100000002,0,0,0,0,0.015666367,0.072898201,38562.92909,205840.39399999997,-4.370014545,-0.207840904,137060.2843821805,301.51209524651074,concrete
33,15.0,1.3100103624254963e-06,3.223243094132628,0.17973637,0,0,0,0,0.015452438,0.071822654,38036.33994,203029.5774,-4.3698580819999995,-0.207833463,136759.10368460396,300.84954282599244,concrete
34,15.0,1.3071317033262075e-06,3.2161602356085432,0.17742901,0,0,0,0,0.015267488999999999,0.070900632,37581.08821,200599.5443,-4.36993445,-0.207837095,136458.5848112239,300.18844631957586,concrete
35,15.0,1.3042593698854385e-06,3.2090929411866402,0.175438187,0,0,0,0,0.015106465,0.0701051,37184.72427,198483.8412,-4.369952355,-0.207837947,136158.72630772664,299.52880252797974,concrete
36,15.0,1.3013933482029825e-06,3.202041176665857,0.173706644,0,0,0,0,0.014965291,0.069413175,36837.22272,196628.9547,-4.369946815,-0.207837683,135859.52672299385,298.8706082589648,concrete
37,15.0,1.298533624409178e-06,3.195004907920287,0.17217418899999998,0,0,0,0,0.014839635,0.06880080599999999,36527.91943,194977.9621,-4.369946892,-0.207837687,135560.98460909625,298.2138603273071,concrete
38,15.0,1.2956801846648413e-06,3.187984100899014,0.17079969,0,0,0,0,0.014726433999999998,0.06825155599999999,36249.27332,193490.6108,-4.369946879,-0.20783768600000002,135263.09852128624,297.55855555477467,concrete
39,15.0,1.2928330151611988e-06,3.1809787216259457,0.169552822,0,0,0,0,0.014623394,0.067753308,35995.640269999996,192136.7735,-4.369946875,-0.20783768600000002,134965.86701799085,296.9046907701208,concrete
40,15.0,1.289992102119821e-06,3.1739887361996484,0.168398467,0,0,0,0,0.014527801000000002,0.067292027,35760.33627,190880.7728,-4.369946873,-0.20783768600000002,134669.2886608049,296.2522628090748,concrete
41,15.0,1.2871574317925554e-06,3.1670141107931866,0.167335979,0,0,0,0,0.014439603999999998,0.066867457,35543.23882,189721.9546,-4.369946873,-0.20783768600000002,134373.36201448398,295.60126851430994,concrete
42,15.0,1.2843289904614609e-06,3.1600548116539566,0.16635588,0,0,0,0,0.014358055,0.06647581,35342.50456,188650.4795,-4.369946873,-0.20783768600000002,134078.08564693772,294.9517047354474,concrete
43,15.0,1.2815067644387388e-06,3.153110805103522,0.165441681,0,0,0,0,0.014281855,0.06611049599999999,35154.93911,187649.2965,-4.369946873,-0.20783768600000002,133783.45812922236,294.30356832901646,concrete
44,15.0,1.2786907400666708e-06,3.1461820575374557,0.164603226,0,0,0,0,0.014211781000000001,0.065775449,34982.44944,186728.5848,-4.369946873,-0.20783768600000002,133489.4780355344,293.65685615846934,concrete
45,14.8982446,1.2758809037175494e-06,3.1392685354251726,0.1643183,0,0,0,0,0.014150005,0.065661593,34830.38728,185916.9106,-4.33722881,-0.20628159199999999,133196.14394320344,293.0115650941435,concrete
46,14.02462006,1.273077241793612e-06,3.1323702053097664,0.167813455,0,0,0,0,0.014124359,0.067058257,34767.26068,185579.9548,-4.0781187160000005,-0.193958137,132903.45443268504,292.36769201325126,concrete
47,11.95537049,1.270279740726978e-06,3.1254870338078544,0.178280823,0,0,0,0,0.01418798,0.071241017,34923.86325,186415.8647,-3.468085252,-0.164944525,132611.40808755442,291.7252337998702,concrete
48,8.794693652000001,1.2674883869795806e-06,3.1186189876094095,0.196766391,0,0,0,0,0.014373893,0.07862785,35381.49069,188858.5788,-2.541423622,-0.120871859,132320.0034944992,291.08418734492795,concrete
49,5.0,1.264703167043101e-06,3.1117660334775987,0.22245299,0,0,0,0,0.014682011000000002,0.088892215,36139.92611,192906.9395,-1.433485329,-0.06817755,132029.23924331254,290.4445495461805,concrete
50,1.205306348,1.2619240674389059e-06,3.1049281382486305,0.252495653,0,0,0,0,0.015080028999999998,0.100897263,37119.65175,198136.4984,-0.329668251,-0.015679249,131739.11392688658,289.8063173081994,concrete
51,-1.955370491,1.2591510747179785e-06,3.098105268831582,0.28215869,0,0,0,0,0.015515236000000002,0.11275061300000001,38190.91938,203854.6883,0.586056184,0.027873236000000003,131449.62614120546,289.1694875423618,concrete
52,-4.024620056,1.256384175460858e-06,3.091297392208254,0.306024937,0,0,0,0,0.015926695,0.122287565,39203.72855,209260.8399,1.181961738,0.056214915,131160.7744853385,288.53405716682477,concrete
53,-4.898244599,1.2536233562775676e-06,3.0845044754329902,0.320686149,0,0,0,0,0.016267677,0.128146185,40043.05935,213741.0022,1.430525761,0.068036791,130872.55756143342,287.9000231065294,concrete
54,-5.0,1.250868603807558e-06,3.0777264856325406,0.327567799,0,0,0,0,0.016523665,0.130896092,40673.17783,217104.4354,1.456166131,0.069256265,130584.9739747098,287.26738229316487,concrete
55,-5.0,1.2481199047196374e-06,3.070963390005889,0.33176546,0,0,0,0,0.016709997,0.132573478,41131.8355,219552.6487,1.456770685,0.069285018,130298.02233345203,286.6361316651651,concrete
56,-5.0,1.2453772457119084e-06,3.0642151558240953,0.335031862,0,0,0,0,0.016858716,0.133878732,41497.91043,221506.6758,1.456780978,0.069285508,130011.70124900268,286.00626816769267,concrete
57,-5.0,1.2426406135117036e-06,3.0574817504301417,0.337794909,0,0,0,0,0.016985992,0.134982846,41811.20018,223178.9473,1.456781245,0.06928552,129726.0093357559,285.37778875262086,concrete
58,-5.0,1.239909994875521e-06,3.050763141238769,0.340184074,0,0,0,0,0.017097006,0.135937556,42084.4623,224637.56,1.456781237,0.06928552,129440.94521115051,284.7506903785231,concrete
59,-5.0,1.2371853765889614e-06,3.044059295736325,0.342237613,0,0,0,0,0.017193188999999998,0.13675815,42321.21895,225901.3147,1.456781226,0.069285519,129156.50749566357,284.12497001065884,concrete
60,-5.0,1.2344667454666624e-06,3.0373701814806027,0.344048024,0,0,0,0,0.017278379,0.137481591,42530.91325,227020.6166,1.4567812119999999,0.069285519,128872.69481280328,283.5006246209431,concrete
61,-5.0,1.2317540883522356e-06,3.030695766100684,0.345613733,0,0,0,0,0.017352541000000003,0.13810724800000002,42713.46516,227995.0383,1.45678119,0.069285518,128589.50578910291,282.8776511879642,concrete
62,-5.0,1.2290473921182026e-06,3.0240360172967824,0.347019695,0,0,0,0,0.017419358,0.13866907,42877.93474,228872.9406,1.456781184,0.069285517,128306.93905411355,282.25604669693774,concrete
63,-5.0,1.2263466436659326e-06,3.0173909028400914,0.34822997200000005,0,0,0,0,0.017477271000000003,0.139152697,43020.48926,229633.8651,1.456781186,0.069285517,128024.99324039785,281.63580813970117,concrete
64,-5.0,1.223651829925578e-06,3.0107603905726243,0.349345332,0,0,0,0,0.017530707,0.139598395,43152.02171,230335.9563,1.456781185,0.069285517,127743.66698352346,281.0169325147118,concrete
65,-5.0,1.2209629378560106e-06,3.004144448407057,0.35033007899999996,0,0,0,0,0.017578097,0.13999189999999997,43268.67347,230958.6176,1.456781186,0.069285517,127462.95892205606,280.3994168270221,concrete
66,-5.0,1.2182799544447604e-06,2.9975430443265787,0.351231026,0,0,0,0,0.017621522,0.14035191800000002,43375.563369999996,231529.1722,1.456781186,0.069285517,127182.86769755316,279.78325808825286,concrete
67,-5.0,1.2156028667079504e-06,2.9909561463847303,0.35205041299999995,0,0,0,0,0.01766108,0.140679345,43472.93634,232048.9277,1.456781186,0.069285517,126903.39195455724,279.16845331660755,concrete
68,-5.0,1.2129316616902347e-06,2.984383722705254,0.35279930299999995,0,0,0,0,0.017697301999999998,0.14097860199999998,43562.096919999996,232524.8472,1.456781186,0.069285517,126624.53034058938,278.55499953683136,concrete
69,-5.0,1.2102663264647368e-06,2.977825741481939,0.353492309,0,0,0,0,0.017730864,0.141255527,43644.71181,232965.8272,1.456781186,0.069285517,126346.28150614261,277.94289378021466,concrete
70,-5.0,1.2076068481329854e-06,2.9712821709784647,0.35413123399999996,0,0,0,0,0.017761855,0.141510841,43720.994419999995,233373.0069,1.456781186,0.069285517,126068.64410467536,277.33213308456453,concrete
71,-5.0,1.2049532138248527e-06,2.9647529795282495,0.354740564,0,0,0,0,0.017791414,0.141754329,43793.75474,233761.3854,1.456781186,0.069285517,125791.61679260511,276.722714494203,concrete
72,-5.0,1.2023054106984929e-06,2.9582381355342977,0.355308403,0,0,0,0,0.017818986999999998,0.141981238,43861.62759,234123.6757,1.456781186,0.069285517,125515.19822930166,276.11463505994396,concrete
0,-5.0,1.44e-06,3.5430788860000004,0.36944015700000005,0,0,0,0,0.018513157,0.147628287,45570.333210000004,243244.3687,1.456781186,0.069285517,801.4845734674361,-2.7820797152567495e-14,carpet
1,-5.006022144,9.972870359486526e-07,2.4537962780216627,0.369521075,0,0,0,0,0.018513165,0.147660622,45570.35409,243244.4802,1.459198578,0.06940049,767.3627146754521,55.12857555594894,carpet
2,-5.932511744,8.172844824810732e-07,2.010905134537589,0.37736079299999997,0,0,0,0,0.018541238,0.150793373,45639.455839999995,243613.33,1.7386858230000002,0.082693096,705.4901397511886,65.07844154741727,carpet
3,-8.885753344,7.15471730443299e-07,1.7603977650441225,0.40593971700000003,0,0,0,0,0.018693254,0.162213511,46013.64521,245610.6701,2.609542943,0.124111661,640.9809185597276,63.04205311492065,carpet
4,-12.49102694,6.402836740321252e-07,1.5753996989678678,0.44704521700000005,0,0,0,0,0.018988321000000002,0.178639269,46739.9553,249487.5529,3.658415008,0.17399674,580.2968101405761,58.15067752366788,carpet
5,-14.68241254,5.769783423552854e-07,1.4196387378321467,0.478794647,0,0,0,0,0.019312376000000003,0.191326341,47537.62033,253745.3126,4.286323923,0.20386052100000002,524.787346167413,52.8855770982162,carpet
6,-15.0,5.210442556108679e-07,1.2820145143933703,0.490256982,0,0,0,0,0.019554477,0.19590669,48133.55288,256926.2688,4.37217887,0.20794384100000002,474.43019903156386,47.89304231089348,carpet
7,-15.0,4.7084114928466256e-07,1.1584912046461542,0.494826826,0,0,0,0,0.019707281,0.1977328,48509.683189999996,258933.9694,4.3705340569999995,0.207865613,428.8616306314804,43.31569769123259,carpet
8,-15.0,4.255605787028808e-07,1.04707965355286,0.498128949,0,0,0,0,0.01982167,0.199052328,48791.2526,260436.9246,4.3705412589999995,0.207865955,387.657835558587,39.16033776234272,carpet
9,-15.0,3.8465825070708485e-07,0.9464406433374771,0.500535895,0,0,0,0,0.019907231,0.20001414399999998,49001.86109,261561.1062,4.370541775,0.20786598,350.409451927796,35.399327457009704,carpet
10,-15.0,3.476937453756959e-07,0.8554905333575614,0.502821728,0,0,0,0,0.019988851999999998,0.200927563,49202.77304,262633.5298,4.370541932,0.207865987,316.7391849409599,31.998345380805695,carpet
11,-15.0,3.142832261122371e-07,0.7732849046265494,0.5043419020000001,0,0,0,0,0.02004427,0.20153502399999998,49339.18488,263361.666,4.370541941,0.207865988,286.3039836492171,28.92378437313378,carpet
12,-15.0,2.8408368393290145e-07,0.6989797933331672,0.5058385,0,0,0,0,0.020098881000000002,0.20213306399999997,49473.61056,264079.2006,4.370541946,0.207865988,258.79320472579946,26.144551986341433,carpet
13,-15.0,2.567861604888581e-07,0.631815016281306,0.507335097,0,0,0,0,0.020153492,0.202731105,49608.036239999994,264796.7352,4.370541951,0.207865988,233.92590064086508,23.63234579571984,carpet
14,-15.0,2.3211168684979328e-07,0.5711041783828795,0.508750894,0,0,0,0,0.020205246,0.203296857,49735.427910000006,265476.7238,4.370541954,0.207865988,211.44807744708177,21.36152828193391,carpet
15,-15.0,2.098081835331863e-07,0.5162270452683648,0.509825916,0,0,0,0,0.020244947,0.203726436,49833.15353,265998.3616,4.370541955,0.207865988,191.1301355892212,19.30891030459474,carpet
16,-15.0,1.8964781633365194e-07,0.46662303738039457,0.5109009379999999,0,0,0,0,0.020284649,0.204156015,49930.87915,266519.9993,4.370541955,0.207865988,172.7645343680653,17.45352677530528,carpet
17,-15.0,1.7142464990744573e-07,0.4217854566854256,0.51197596,0,0,0,0,0.02032435,0.204585593,50028.60477,267041.6371,4.370541955,0.207865988,156.16367466910972,15.776425974367436,carpet
18,-15.0,1.5495253890312452e-07,0.3812562978609404,0.512989313,0,0,0,0,0.020361846,0.20499053,50120.90227,267534.3008,4.370541955,0.207865988,141.15798343631747,14.260476923742358,carpet
19,-15.0,1.4006322507351375e-07,0.3446215662937725,0.513915088,0,0,0,0,0.020396211,0.205360469,50205.490999999995,267985.8167,4.370541955,0.207865988,127.59418173698259,12.8901946642487,carpet
20,-15.0,1.266046181593144e-07,0.31150704824330494,0.514799961,0,0,0,0,0.020429145,0.20571406399999997,50286.55774,268418.5331,4.370497641,0.20786388100000003,115.33371911716438,11.65158215440671,carpet
21,-14.847366899999999,1.1443924221733504e-07,0.2815744880764442,0.513978494,0,0,0,0,0.020455788,0.205385806,50352.14015,268768.5975,4.322474956000001,0.205579889,104.25135836312468,10.531987314851518,carpet
22,-13.53693008,1.0344283131096945e-07,0.25451813300413584,0.500268642,0,0,0,0,0.020433775,0.19990734899999998,50297.9539,268479.3632,3.9320456439999996,0.187010801,94.23389624238602,9.519973796475165,carpet
23,-10.43305574,9.350306015964039e-08,0.23006160988056226,0.465453351,0,0,0,0,0.020290356000000002,0.185995159,49944.926889999995,266594.983,3.018064597,0.14354123300000002,85.17900716540166,8.605204162853711,carpet
24,-5.692040479,8.451839676492467e-08,0.20795510212248286,0.41198973,0,0,0,0,0.019967309,0.164631096,49149.74402,262350.4726,1.627987209,0.077428194,76.99419795844906,7.778334296638458,carpet
25,-3.55e-15,7.639706528876983e-08,0.18797279790069715,0.350123526,0,0,0,0,0.01945117,0.139909361,47879.26363,255568.9291,-0.034497167,-0.001640709,69.59586307167488,7.030917952114527,carpet
26,5.692040479,6.905610858864958e-08,0.16991058353456084,0.29159276,0,0,0,0,0.018771407,0.11652046699999999,46206.01884,246637.5181,-1.690225626,-0.080388296,62.90843057167944,6.355320479182702,carpet
27,10.43305574,6.242054083337303e-08,0.15358395852737838,0.24504655600000003,0,0,0,0,0.018016337,0.09792060400000001,44347.406780000005,236716.6576,-3.063787542,-0.145715848,56.863590195240505,5.744640837540876,carpet
28,13.53693008,5.642258154365871e-08,0.1388261509451045,0.213925079,0,0,0,0,0.017292649,0.085484462,42566.03968,227208.1137,-3.957801473,-0.18823576600000003,51.39959557897335,5.192641104479059,carpet
29,14.847366899999999,5.10009632333844e-08,0.12548641388740733,0.197240623,0,0,0,0,0.016694163999999997,0.07881735299999999,41092.861730000004,219344.6153,-4.330651686,-0.20596878,46.46063353740097,4.693682756234363,carpet
30,15.0,4.610030557925372e-08,0.11342848565000131,0.19008908300000002,0,0,0,0,0.016252509,0.075959598,40005.724839999995,213541.7189,-4.369329658,-0.207808331,41.996253946786055,4.242669072039003,carpet
31,15.0,4.167054972619473e-08,0.1025291978492317,0.185762683,0,0,0,0,0.015926041999999998,0.074230768,39202.1223,209252.2661,-4.370054915,-0.20784282399999998,37.96085441114726,3.8349930725351107,carpet
32,15.0,3.766644695007632e-08,0.09267721729128786,0.18242793100000002,0,0,0,0,0.015666367,0.072898201,38562.92909,205840.39399999997,-4.370014545,-0.207840904,34.313214446466105,3.466490460761796,carpet
33,15.0,3.404709645457495e-08,0.08377190873459027,0.17973637,0,0,0,0,0.015452438,0.071822654,38036.33994,203029.5774,-4.3698580819999995,-0.207833463,31.016074424906133,3.1333970850197645,carpet
34,15.0,3.07755275809146e-08,0.07572230692878415,0.17742901,0,0,0,0,0.015267488999999999,0.070900632,37581.08821,200599.5443,-4.36993445,-0.207837095,28.035754978076444,2.832310489108549,carpet
35,15.0,2.7818322162868823e-08,0.06844618743000444,0.175438187,0,0,0,0,0.015106465,0.0701051,37184.72427,198483.8412,-4.369952355,-0.207837947,25.341812971649677,2.560155157182612,carpet
36,15.0,2.5145273169486332e-08,0.06186922670104815,0.173706644,0,0,0,0,0.014965291,0.069413175,36837.22272,196628.9547,-4.369946815,-0.207837683,22.906730537211093,2.3141510982122853,carpet
37,15.0,2.2729076148670352e-08,0.0559242429171112,0.17217418899999998,0,0,0,0,0.014839635,0.06880080599999999,36527.91943,194977.9621,-4.369946892,-0.207837687,20.70563398488541,2.0917854491485177,carpet
38,15.0,2.0545050319793715e-08,0.050550509722131015,0.17079969,0,0,0,0,0.014726433999999998,0.06825155599999999,36249.27332,193490.6108,-4.369946879,-0.20783768600000002,18.716039725512,1.8907868067256524,carpet
39,15.0,1.85708864663885e-08,0.04569313592594739,0.169552822,0,0,0,0,0.014623394,0.067753308,35995.640269999996,192136.7735,-4.369946875,-0.20783768600000002,16.917624607034316,1.7091020257087357,carpet
40,15.0,1.678641905370394e-08,0.0413025048060601,0.168398467,0,0,0,0,0.014527801000000002,0.067292027,35760.33627,190880.7728,-4.369946873,-0.20783768600000002,15.29201831915343,1.5448752465859235,carpet
41,15.0,1.517342024337697e-08,0.037333767286606895,0.167335979,0,0,0,0,0.014439603999999998,0.066867457,35543.23882,189721.9546,-4.369946873,-0.20783768600000002,13.82261574571713,1.396428938479678,carpet
42,15.0,1.3715413701132462e-08,0.03374638381752607,0.16635588,0,0,0,0,0.014358055,0.06647581,35342.50456,188650.4795,-4.369946873,-0.20783768600000002,12.494407348076239,1.2622467636353725,carpet
43,15.0,1.239750629561065e-08,0.03050371027432651,0.165441681,0,0,0,0,0.014281855,0.06611049599999999,35154.93911,187649.2965,-4.369946873,-0.20783768600000002,11.293825846821472,1.1409580884528194,carpet
44,15.0,1.1206235969172046e-08,0.027572623648546686,0.164603226,0,0,0,0,0.014211781000000001,0.065775449,34982.44944,186728.5848,-4.369946873,-0.20783768600000002,10.20860763579728,1.0313239828452117,carpet
45,14.8982446,1.012943422672243e-08,0.024923183705434712,0.1643183,0,0,0,0,0.014150005,0.065661593,34830.38728,185916.9106,-4.33722881,-0.20628159199999999,9.227667512775477,0.9322245649128359,carpet
46,14.02462006,9.15610183791951e-09,0.022528327152776674,0.167813455,0,0,0,0,0.014124359,0.067058257,34767.26068,185579.9548,-4.0781187160000005,-0.193958137,8.340985447197266,0.8426475616609009,carpet
47,11.95537049,8.276296483093814e-09,0.020363591196892884,0.178280823,0,0,0,0,0.01418798,0.071241017,34923.86325,186415.8647,-3.468085252,-0.164944525,7.539504228347607,0.7616779689124079,carpet
48,8.794693652000001,7.481031195218257e-09,0.01840686366200358,0.196766391,0,0,0,0,0.014373893,0.07862785,35381.49069,188858.5788,-2.541423622,-0.120871859,6.8150369484665845,0.6884887047949431,carpet
49,5.0,6.762182560539173e-09,0.016638157120502612,0.22245299,0,0,0,0,0.014682011000000002,0.088892215,36139.92611,192906.9395,-1.433485329,-0.06817755,6.160183375763394,0.622332161329364,carpet
50,1.205306348,6.112407740163963e-09,0.015039404726942995,0.252495653,0,0,0,0,0.015080028999999998,0.100897263,37119.65175,198136.4984,-0.329668251,-0.015679249,5.56825436310659,0.5625325678221959,carpet
51,-1.955370491,5.525069465003822e-09,0.013594275670234971,0.28215869,0,0,0,0,0.015515236000000002,0.11275061300000001,38190.91938,203854.6883,0.586056184,0.027873236000000003,5.033203520246385,0.508479088055934,carpet
52,-4.024620056,4.9941682379158076e-09,0.012288008358952308,0.306024937,0,0,0,0,0.015926695,0.122287565,39203.72855,209260.8399,1.181961738,0.056214915,4.549565451619737,0.4596195807669511,carpet
53,-4.898244599,4.5142810505079925e-09,0.01110725963578109,0.320686149,0,0,0,0,0.016267677,0.128146185,40043.05935,213741.0022,1.430525761,0.068036791,4.11239992885459,0.4154549596760408,carpet
54,-5.0,4.0805059886168565e-09,0.010039968480878432,0.327567799,0,0,0,0,0.016523665,0.130896092,40673.17783,217104.4354,1.456166131,0.069256265,3.71724142771092,0.3755340954608686,carpet
55,-5.0,3.6884121606173243e-09,0.009075232811908947,0.33176546,0,0,0,0,0.016709997,0.132573478,41131.8355,219552.6487,1.456770685,0.069285018,3.360053513992488,0.3394492075954045,carpet
56,-5.0,3.33399443709704e-09,0.00820319812230554,0.335031862,0,0,0,0,0.016858716,0.133878732,41497.91043,221506.6758,1.456780978,0.069285508,3.0371876124940402,0.3068316989852517,carpet
57,-5.0,3.01363253957324e-09,0.007414956820225352,0.337794909,0,0,0,0,0.016985992,0.134982846,41811.20018,223178.9473,1.456781245,0.06928552,2.7453457378202555,0.2773483908508339,carpet
58,-5.0,2.7240540603548437e-09,0.006702457239976262,0.340184074,0,0,0,0,0.017097006,0.135937556,42084.4623,224637.56,1.456781237,0.06928552,2.4815468063820947,0.2506981193988186,carpet
59,-5.0,2.462301035807944e-09,0.0060584213964910115,0.342237613,0,0,0,0,0.017193188999999998,0.13675815,42321.21895,225901.3147,1.456781226,0.069285519,2.2430961854569715,0.22660865951772025,carpet
60,-5.0,2.2256997315798857e-09,0.005476270642733723,0.344048024,0,0,0,0,0.017278379,0.137481591,42530.91325,227020.6166,1.4567812119999999,0.069285519,2.0275581682648705,0.20483394407409405,carpet
61,-5.0,2.0118333311464196e-09,0.004950058470649949,0.345613733,0,0,0,0,0.017352541000000003,0.13810724800000002,42713.46516,227995.0383,1.45678119,0.069285518,1.8327310939009462,0.1851515504051957,carpet
62,-5.0,1.8185172487030176e-09,0.0044744097692406065,0.347019695,0,0,0,0,0.017419358,0.13866907,42877.93474,228872.9406,1.456781184,0.069285517,1.656624857981667,0.16736042833333983,carpet
63,-5.0,1.643776814228411e-09,0.004044465919297936,0.34822997200000005,0,0,0,0,0.017477271000000003,0.139152697,43020.48926,229633.8651,1.456781186,0.069285517,1.4974405842819758,0.1512788464942445,carpet
64,-5.0,1.485827102779473e-09,0.003655835163961461,0.349345332,0,0,0,0,0.017530707,0.139598395,43152.02171,230335.9563,1.456781185,0.069285517,1.3535522497149202,0.13674253600168526,carpet
65,-5.0,1.3430547019793134e-09,0.0033045477481430056,0.35033007899999996,0,0,0,0,0.017578097,0.13999189999999997,43268.67347,230958.6176,1.456781186,0.069285517,1.2234900749580104,0.12360301248650511,carpet
66,-5.0,1.2140012314585312e-09,0.0029870153685824454,0.351231026,0,0,0,0,0.017621522,0.14035191800000002,43375.563369999996,231529.1722,1.456781186,0.069285517,1.1059255110661856,0.11172605937007672,carpet
67,-5.0,1.097348445905319e-09,0.002699994520327812,0.35205041299999995,0,0,0,0,0.01766108,0.140679345,43472.93634,232048.9277,1.456781186,0.069285517,0.9996576687138053,0.10099035687927717,carpet
68,-5.0,9.919047695562009e-10,0.002440553365234216,0.35279930299999995,0,0,0,0,0.017697301999999998,0.14097860199999998,43562.096919999996,232524.8472,1.456781186,0.069285517,0.9036010514441553,0.09128624279874448,carpet
69,-5.0,8.965931245809868e-10,0.002206041784052543,0.353492309,0,0,0,0,0.017730864,0.141255527,43644.71181,232965.8272,1.456781186,0.069285517,0.816774467625016,0.0825145923018445,carpet
70,-5.0,8.104399290322691e-10,0.0019940643061983135,0.35413123399999996,0,0,0,0,0.017761855,0.141510841,43720.994419999995,233373.0069,1.456781186,0.069285517,0.7382910078490076,0.07458580541813314,carpet
71,-5.0,7.325651519765826e-10,0.001802455640685841,0.354740564,0,0,0,0,0.017791414,0.141754329,43793.75474,233761.3854,1.456781186,0.069285517,0.667348985400641,0.06741889179457612,carpet
72,-5.0,6.621733242231526e-10,0.0016292585582829756,0.355308403,0,0,0,0,0.017818986999999998,0.141981238,43861.62759,234123.6757,1.456781186,0.069285517,0.6032237472494686,0.060940643401615896,carpet
0,-5.0,1.44e-06,3.5430788860000004,0.36944015700000005,0,0,0,0,0.018513157,0.147628287,45570.333210000004,243244.3687,1.456781186,0.069285517,499.2079613856888,0.0,wood
1,-5.006022144,8.843650908807235e-07,2.175955056260391,0.369521075,0,0,0,0,0.018513165,0.147660622,45570.35409,243244.4802,1.459198578,0.06940049,469.1884172282856,51.81891580512457,wood
2,-5.932511744,5.577606058278716e-07,1.3723540457995143,0.37736079299999997,0,0,0,0,0.018541238,0.150793373,45639.455839999995,243613.33,1.7386858230000002,0.082693096,407.21682945506996,68.15237893403955,wood
3,-8.885753344,3.617917650757966e-07,0.8901783083116162,0.40593971700000003,0,0,0,0,0.018693254,0.162213511,46013.64521,245610.6701,2.609542943,0.124111661,338.3314858331135,67.85014201724829,wood
4,-12.49102694,2.413536296375756e-07,0.5938437147419152,0.44704521700000005,0,0,0,0,0.018988321000000002,0.178639269,46739.9553,249487.5529,3.658415008,0.17399674,273.7854084520284,60.586246785325386,wood
5,-14.68241254,1.653360217632596e-07,0.4068045609754456,0.478794647,0,0,0,0,0.019312376000000003,0.191326341,47537.62033,253745.3126,4.286323923,0.20386052100000002,217.85280604065647,51.159808812352246,wood
6,-15.0,1.15988207948159e-07,0.2853856740320136,0.490256982,0,0,0,0,0.019554477,0.19590669,48133.55288,256926.2688,4.37217887,0.20794384100000002,171.4244937302712,41.8157865847905,wood
7,-15.0,8.304272162586303e-08,0.20432424557539647,0.494826826,0,0,0,0,0.019707281,0.1977328,48509.683189999996,258933.9694,4.3705340569999995,0.207865613,133.87524780811293,33.48926485624365,wood
8,-15.0,6.045795877778405e-08,0.14875508141404517,0.498128949,0,0,0,0,0.01982167,0.199052328,48791.2526,260436.9246,4.3705412589999995,0.207865955,104.0082843277817,26.466315957022257,wood
9,-15.0,4.460430543636535e-08,0.10974762001130632,0.500535895,0,0,0,0,0.019907231,0.20001414399999998,49001.86109,261561.1062,4.370541775,0.20786598,80.51242635562025,20.730084554484833,wood
10,-15.0,3.324790146687798e-08,0.08180551228548877,0.502821728,0,0,0,0,0.019988851999999998,0.200927563,49202.77304,262633.5298,4.370541932,0.207865987,62.16632407183775,16.1381410854274,wood
11,-15.0,2.4976614219526272e-08,0.06145424617011869,0.5043419020000001,0,0,0,0,0.02004427,0.20153502399999998,49339.18488,263361.666,4.370541941,0.207865988,47.91485796375649,12.510247581251027,wood
12,-15.0,1.8872291059855684e-08,0.04643473332265364,0.5058385,0,0,0,0,0.020098881000000002,0.20213306399999997,49473.61056,264079.2006,4.370541946,0.207865988,36.88377282690164,9.669230259432839,wood
13,-15.0,1.4321018812376279e-08,0.03523645790287444,0.507335097,0,0,0,0,0.020153492,0.202731105,49608.036239999994,264796.7352,4.370541951,0.207865988,28.366805454983563,7.457839564436635,wood
14,-15.0,1.0901357578687325e-08,0.026822479073460522,0.508750894,0,0,0,0,0.020205246,0.203296857,49735.427910000006,265476.7238,4.370541954,0.207865988,21.80260298385426,5.743742191068621,wood
15,-15.0,8.317110210292873e-09,0.02046401220737757,0.509825916,0,0,0,0,0.020244947,0.203726436,49833.15353,265998.3616,4.370541955,0.207865988,16.749777199805727,4.418998847750654,wood
16,-15.0,6.355885701707166e-09,0.01563847529968608,0.5109009379999999,0,0,0,0,0.020284649,0.204156015,49930.87915,266519.9993,4.370541955,0.207865988,12.863799149985248,3.397278822484407,wood
17,-15.0,4.862864561423775e-09,0.011964939411845992,0.51197596,0,0,0,0,0.02032435,0.204585593,50028.60477,267041.6371,4.370541955,0.207865988,9.877097741439323,2.610416114505035,wood
18,-15.0,3.7237144101138636e-09,0.009162092988866928,0.512989313,0,0,0,0,0.020361846,0.20499053,50120.90227,267534.3008,4.370541955,0.207865988,7.582598593726799,2.0050510124021366,wood
19,-15.0,2.853149252996888e-09,0.007020092275624964,0.513915088,0,0,0,0,0.020396211,0.205360469,50205.490999999995,267985.8167,4.370541955,0.207865988,5.820440603905035,1.5396608495706618,wood
20,-15.0,2.187064681809523e-09,0.005381210205858077,0.514799961,0,0,0,0,0.020429145,0.20571406399999997,50286.55774,268418.5331,4.370497641,0.20786388100000003,4.467425606040577,1.1820666860719216,wood
21,-14.847366899999999,1.6770036160256225e-09,0.004126219516448635,0.513978494,0,0,0,0,0.020455788,0.205385806,50352.14015,268768.5975,4.322474956000001,0.205579889,3.428726731818087,0.9074023247111426,wood
22,-13.53693008,1.286183897628962e-09,0.0031646187577794175,0.500268642,0,0,0,0,0.020433775,0.19990734899999998,50297.9539,268479.3632,3.9320456439999996,0.187010801,2.6314184607460125,0.6964913165666766,wood
23,-10.43305574,9.866003091155975e-10,0.0024275018917698245,0.465453351,0,0,0,0,0.020290356000000002,0.185995159,49944.926889999995,266594.983,3.018064597,0.14354123300000002,2.0194530305628953,0.5345661955837667,wood
24,-5.692040479,7.568830913075785e-10,0.0018622892360988137,0.41198973,0,0,0,0,0.019967309,0.164631096,49149.74402,262350.4726,1.627987209,0.077428194,1.549773288007306,0.4102662998817792,wood
25,-3.55e-15,5.806997371082264e-10,0.0014287951233707692,0.350123526,0,0,0,0,0.01945117,0.139909361,47879.26363,255568.9291,-0.034497167,-0.001640709,1.189312156525317,0.31485812206143443,wood
26,5.692040479,4.455532797858724e-10,0.0010962711237481773,0.29159276,0,0,0,0,0.018771407,0.11652046699999999,46206.01884,246637.5181,-1.690225626,-0.080388296,0.9126804390567564,0.2416312157376111,wood
27,10.43305574,3.4187366523547854e-10,0.000841170392343928,0.24504655600000003,0,0,0,0,0.018016337,0.09792060400000001,44347.406780000005,236716.6576,-3.063787542,-0.145715848,0.7003871978389061,0.18543144556893104,wood
28,13.53693008,2.6232790753025614e-10,0.000645450326652091,0.213925079,0,0,0,0,0.017292649,0.085484462,42566.03968,227208.1137,-3.957801473,-0.18823576600000003,0.5374712131223617,0.14230107009153548,wood
29,14.847366899999999,2.0129477985443206e-10,0.0004952800585862892,0.197240623,0,0,0,0,0.016694163999999997,0.07881735299999999,41092.861730000004,219344.6153,-4.330651686,-0.20596878,0.41244920498550147,0.10920159378505902,wood
30,15.0,1.5446392893990108e-10,0.00038005408699692215,0.19008908300000002,0,0,0,0,0.016252509,0.075959598,40005.724839999995,213541.7189,-4.369329658,-0.207808331,0.31650785018255645,0.08380056622550772,wood
31,15.0,1.1852946292838992e-10,0.00029163835935451255,0.185762683,0,0,0,0,0.015926041999999998,0.074230768,39202.1223,209252.2661,-4.370054915,-0.20784282399999998,0.24288327546704108,0.06430768942605296,wood
32,15.0,9.095548478776332e-11,0.0002237933734148739,0.18242793100000002,0,0,0,0,0.015666367,0.072898201,38562.92909,205840.39399999997,-4.370014545,-0.207840904,0.1863846319708856,0.049348892850609956,wood
33,15.0,6.979653321931068e-11,0.0001717323771981509,0.17973637,0,0,0,0,0.015452438,0.071822654,38036.33994,203029.5774,-4.3698580819999995,-0.207833463,0.14302835251321694,0.03786961504180725,wood
34,15.0,5.355999299653075e-11,0.000131782833555775,0.17742901,0,0,0,0,0.015267488999999999,0.070900632,37581.08821,200599.5443,-4.36993445,-0.207837095,0.1097574094476734,0.029060536712364637,wood
35,15.0,4.1100621162249023e-11,0.00010112690488989536,0.175438187,0,0,0,0,0.015106465,0.0701051,37184.72427,198483.8412,-4.369952355,-0.207837947,0.08422583567011745,0.02230056395104009,wood
36,15.0,3.153966864321647e-11,7.760245419528927e-05,0.173706644,0,0,0,0,0.014965291,0.069413175,36837.22272,196628.9547,-4.369946815,-0.207837683,0.06463334670322396,0.017113060499637754,wood
37,15.0,2.420284870216682e-11,5.9550418206735956e-05,0.17217418899999998,0,0,0,0,0.014839635,0.06880080599999999,36527.91943,194977.9621,-4.369946892,-0.207837687,0.04959842000202155,0.013132253502580335,wood
38,15.0,1.8572753182587295e-11,4.5697728927857195e-05,0.17079969,0,0,0,0,0.014726433999999998,0.06825155599999999,36249.27332,193490.6108,-4.369946879,-0.20783768600000002,0.03806089140787763,0.010077449684347721,wood
39,15.0,1.4252347544836327e-11,3.5067494209752456e-05,0.169552822,0,0,0,0,0.014623394,0.067753308,35995.640269999996,192136.7735,-4.369946875,-0.20783768600000002,0.029207205680931544,0.007733247016769446,wood
40,15.0,1.0936963079615612e-11,2.6910085391908068e-05,0.168398467,0,0,0,0,0.014527801000000002,0.067292027,35760.33627,190880.7728,-4.369946873,-0.20783768600000002,0.022413053082148214,0.0059343482604731525,wood
41,15.0,8.392807240908294e-12,2.0650262589951455e-05,0.167335979,0,0,0,0,0.014439603999999998,0.066867457,35543.23882,189721.9546,-4.369946873,-0.20783768600000002,0.01719934863164437,0.00455390647155365,wood
42,15.0,6.4404745156944565e-12,1.5846603661373686e-05,0.16635588,0,0,0,0,0.014358055,0.06647581,35342.50456,188650.4795,-4.369946873,-0.20783768600000002,0.013198450803939289,0.0034945811856824816,wood
43,15.0,4.9422938738163455e-12,1.2160372967170725e-05,0.165441681,0,0,0,0,0.014281855,0.06611049599999999,35154.93911,187649.2965,-4.369946873,-0.20783768600000002,0.01012823805706659,0.002681674896648578,wood
44,15.0,3.7926199326722626e-12,9.331633059773498e-06,0.164603226,0,0,0,0,0.014211781000000001,0.065775449,34982.44944,186728.5848,-4.369946873,-0.20783768600000002,0.007772215469405793,0.0020578660074358443,wood
45,14.8982446,2.9103828512774952e-12,7.160913910095675e-06,0.1643183,0,0,0,0,0.014150005,0.065661593,34830.38728,185916.9106,-4.33722881,-0.20628159199999999,0.005964248851268348,0.0015791669354396978,wood
46,14.02462006,2.2333714088459606e-12,5.4951465856098595e-06,0.167813455,0,0,0,0,0.014124359,0.067058257,34767.26068,185579.9548,-4.0781187160000005,-0.193958137,0.004576849938744433,0.0012118224057901302,wood
47,11.95537049,1.7138460295721057e-12,4.216869223077681e-06,0.178280823,0,0,0,0,0.01418798,0.071241017,34923.86325,186415.8647,-3.468085252,-0.164944525,0.0035121866455882357,0.0009299292424911221,wood
48,8.794693652000001,1.3151723462413281e-12,3.235944007929675e-06,0.196766391,0,0,0,0,0.014373893,0.07862785,35381.49069,188858.5788,-2.541423622,-0.120871859,0.00269518448636105,0.0007136098316218953,wood
49,5.0,1.0092378858164389e-12,2.483201002907989e-06,0.22245299,0,0,0,0,0.014682011000000002,0.088892215,36139.92611,192906.9395,-1.433485329,-0.06817755,0.0020682327319120107,0.0005476104664920352,wood
50,1.205306348,7.744696968663824e-13,1.9055605769542361e-06,0.252495653,0,0,0,0,0.015080028999999998,0.100897263,37119.65175,198136.4984,-0.329668251,-0.015679249,0.0015871220098224413,0.00042022574158902655,wood
51,-1.955370491,5.943131222333481e-13,1.4622904687900786e-06,0.28215869,0,0,0,0,0.015515236000000002,0.11275061300000001,38190.91938,203854.6883,0.586056184,0.027873236000000003,0.0012179268943449755,0.00032247315149557887,wood
52,-4.024620056,4.560644424127248e-13,1.122133539283256e-06,0.306024937,0,0,0,0,0.015926695,0.122287565,39203.72855,209260.8399,1.181961738,0.056214915,0.0009346136643705691,0.00024745969305327797,wood
53,-4.898244599,3.499750707174171e-13,8.611036692258594e-07,0.320686149,0,0,0,0,0.016267677,0.128146185,40043.05935,213741.0022,1.430525761,0.068036791,0.0007172045420833568,0.00018989580754295523,wood
54,-5.0,2.685641310746718e-13,6.607943766302822e-07,0.327567799,0,0,0,0,0.016523665,0.130896092,40673.17783,217104.4354,1.456166131,0.069256265,0.0005503689645689402,0.0001457223889887574,wood
55,-5.0,2.0609094410749454e-13,5.070808837937987e-07,0.33176546,0,0,0,0,0.016709997,0.132573478,41131.8355,219552.6487,1.456770685,0.069285018,0.00042234255250280466,0.00011182455735583986,wood
56,-5.0,1.5815022346192211e-13,3.891241094195265e-07,0.335031862,0,0,0,0,0.016858716,0.133878732,41497.91043,221506.6758,1.456780978,0.069285508,0.0003240975473865335,8.581201352681011e-05,wood
57,-5.0,1.2136143745419598e-13,2.9860635181845236e-07,0.337794909,0,0,0,0,0.016985992,0.134982846,41811.20018,223178.9473,1.456781245,0.06928552,0.0002487062209711518,6.585048789172526e-05,wood
58,-5.0,9.31304312839148e-14,2.291447671709114e-07,0.340184074,0,0,0,0,0.017097006,0.135937556,42084.4623,224637.56,1.456781237,0.06928552,0.0001908523678576944,5.053239721460654e-05,wood
59,-5.0,7.146650056650387e-14,1.758412841760326e-07,0.342237613,0,0,0,0,0.017193188999999998,0.13675815,42321.21895,225901.3147,1.456781226,0.069285519,0.00014645643429707757,3.8777589188175636e-05,wood
60,-5.0,5.4842017114481425e-14,1.3493721729442347e-07,0.344048024,0,0,0,0,0.017278379,0.137481591,42530.91325,227020.6166,1.4567812119999999,0.069285519,0.000112387849232791,2.975717570773627e-05,wood
61,-5.0,4.208470848102931e-14,1.0354822364069451e-07,0.345613733,0,0,0,0,0.017352541000000003,0.13810724800000002,42713.46516,227995.0383,1.45678119,0.069285518,8.624427267223589e-05,2.2835083987208563e-05,wood
62,-5.0,3.22949953643953e-14,7.946091402712283e-08,0.347019695,0,0,0,0,0.017419358,0.13866907,42877.93474,228872.9406,1.456781184,0.069285517,6.618219513138026e-05,1.75232040081289e-05,wood
63,-5.0,2.4782557928111822e-14,6.097677620567008e-08,0.34822997200000005,0,0,0,0,0.017477271000000003,0.139152697,43020.48926,229633.8651,1.456781186,0.069285517,5.0786942906554686e-05,1.3446969533936755e-05,wood
64,-5.0,1.9017658018773816e-14,4.679240457464313e-08,0.349345332,0,0,0,0,0.017530707,0.139598395,43152.02171,230335.9563,1.456781185,0.069285517,3.897292262058117e-05,1.0318945642034859e-05,wood
65,-5.0,1.459378477432557e-14,3.5907590764403614e-08,0.35033007899999996,0,0,0,0,0.017578097,0.13999189999999997,43268.67347,230958.6176,1.456781186,0.069285517,2.9907070806597412e-05,7.91856030381452e-06,wood
66,-5.0,1.1198989583594457e-14,2.75547941237274e-08,0.351231026,0,0,0,0,0.017621522,0.14035191800000002,43375.563369999996,231529.1722,1.456781186,0.069285517,2.2950110591518188e-05,6.0765507890185285e-06,wood
67,-5.0,8.59388908635693e-15,2.1145018729511855e-08,0.35205041299999995,0,0,0,0,0.01766108,0.140679345,43472.93634,232048.9277,1.456781186,0.069285517,1.7611473205223383e-05,4.6630281356586056e-06,wood
68,-5.0,6.594785099170759e-15,1.622628044623565e-08,0.35279930299999995,0,0,0,0,0.017697301999999998,0.14097860199999998,43562.096919999996,232524.8472,1.456781186,0.069285517,1.3514705614119758e-05,3.578318053862073e-06,wood
69,-5.0,5.0607111714499066e-15,1.2451735347019786e-08,0.353492309,0,0,0,0,0.017730864,0.141255527,43644.71181,232965.8272,1.456781186,0.069285517,1.0370925004793045e-05,2.7459324117123845e-06,wood
70,-5.0,3.8834923619569816e-15,9.55522207749448e-09,0.35413123399999996,0,0,0,0,0.017761855,0.141510841,43720.994419999995,233373.0069,1.456781186,0.069285517,7.958448265586999e-06,2.107175688724983e-06,wood
71,-5.0,2.9801173026209482e-15,7.332493536610802e-09,0.354740564,0,0,0,0,0.017791414,0.141754329,43793.75474,233761.3854,1.456781186,0.069285517,6.107160042770673e-06,1.617006072030656e-06,wood
72,-5.0,2.2868846671300528e-15,5.62681442974002e-09,0.355308403,0,0,0,0,0.017818986999999998,0.141981238,43861.62759,234123.6757,1.456781186,0.069285517,4.686517087660868e-06,1.2408593412322347e-06,wood
0,-5.0,1.44e-06,3.5430788860000004,0.36944015700000005,0,0,0,0,0.018513157,0.147628287,45570.333210000004,243244.3687,1.456781186,0.069285517,7779.522741093042,0.0,paper
1,-5.006022144,8.758104682544573e-07,2.1549066515348203,0.369521075,0,0,0,0,0.018513165,0.147660622,45570.35409,243244.4802,1.459198578,0.06940049,7713.922082160522,120.03349114255835,paper
2,-5.932511744,5.3665927462459e-07,1.320434822846153,0.37736079299999997,0,0,0,0,0.018541238,0.150793373,45639.455839999995,243613.33,1.7386858230000002,0.082693096,7556.841126898601,187.4542665207071,paper
3,-8.885753344,3.326279664914079e-07,0.8184216145616827,0.40593971700000003,0,0,0,0,0.018693254,0.162213511,46013.64521,245610.6701,2.609542943,0.124111661,7349.391113458732,223.46822899964886,paper
4,-12.49102694,2.0973285928940607e-07,0.5160417121171553,0.44704521700000005,0,0,0,0,0.018988321000000002,0.178639269,46739.9553,249487.5529,3.658415008,0.17399674,7116.077374212073,240.79951512982632,paper
5,-14.68241254,1.3556392677222507e-07,0.3335511712846672,0.478794647,0,0,0,0,0.019312376000000003,0.191326341,47537.62033,253745.3126,4.286323923,0.20386052100000002,6871.442603076375,247.08045549404386,paper
6,-15.0,9.066302985709726e-08,0.22307379640796454,0.490256982,0,0,0,0,0.019554477,0.19590669,48133.55288,256926.2688,4.37217887,0.20794384100000002,6624.054913862695,246.88674541925045,paper
7,-15.0,6.334778857484292e-08,0.1558654251210542,0.494826826,0,0,0,0,0.019707281,0.1977328,48509.683189999996,258933.9694,4.3705340569999995,0.207865613,6378.901839679463,242.9592607787415,paper
8,-15.0,4.6604064596881095e-08,0.11466797032985383,0.498128949,0,0,0,0,0.01982167,0.199052328,48791.2526,260436.9246,4.3705412589999995,0.207865955,6138.827340184961,236.93757214565778,paper
9,-15.0,3.622034538508321e-08,0.08911912567883047,0.500535895,0,0,0,0,0.019907231,0.20001414399999998,49001.86109,261561.1062,4.370541775,0.20786598,5905.3942828156,229.8003047723495,paper
10,-15.0,2.9667710755272414e-08,0.07299655525900056,0.502821728,0,0,0,0,0.019988851999999998,0.200927563,49202.77304,262633.5298,4.370541932,0.207865987,5679.402013241681,222.12950222683298,paper
11,-15.0,2.5427413921905785e-08,0.06256342596686587,0.5043419020000001,0,0,0,0,0.02004427,0.20153502399999998,49339.18488,263361.666,4.370541941,0.207865988,5461.19686546353,214.26933001242978,paper
12,-15.0,2.2587190357127924e-08,0.055575136978057466,0.5058385,0,0,0,0,0.020098881000000002,0.20213306399999997,49473.61056,264079.2006,4.370541946,0.207865988,5250.858370455353,206.42134595246876,paper
13,-15.0,2.0598898881613268e-08,0.0506830025710368,0.507335097,0,0,0,0,0.020153492,0.202731105,49608.036239999994,264796.7352,4.370541951,0.207865988,5048.310847792775,198.70168840500128,paper
14,-15.0,1.913301946511929e-08,0.047076248119646655,0.508750894,0,0,0,0,0.020205246,0.203296857,49735.427910000006,265476.7238,4.370541954,0.207865988,4853.390208274192,191.17540194471806,paper
15,-15.0,1.7991299506001215e-08,0.04426707875792718,0.509825916,0,0,0,0,0.020244947,0.203726436,49833.15353,265998.3616,4.370541955,0.207865988,4665.883874644887,183.87703769208017,paper
16,-15.0,1.705430989219145e-08,0.04196164256550311,0.5109009379999999,0,0,0,0,0.020284649,0.204156015,49930.87915,266519.9993,4.370541955,0.207865988,4485.554570766921,176.82301383395483,paper
17,-15.0,1.6249959364441723e-08,0.039982561057299616,0.51197596,0,0,0,0,0.02032435,0.204585593,50028.60477,267041.6371,4.370541955,0.207865988,4312.154432985375,170.01902960115567,paper
18,-15.0,1.553459133457767e-08,0.03822241844456994,0.512989313,0,0,0,0,0.020361846,0.20499053,50120.90227,267534.3008,4.370541955,0.207865988,4145.4333179698515,163.46450982217928,paper
19,-15.0,1.4881634672459794e-08,0.03661583722024849,0.513915088,0,0,0,0,0.020396211,0.205360469,50205.490999999995,267985.8167,4.370541955,0.207865988,3985.1436327204046,157.15526701737411,paper
20,-15.0,1.4274789581692706e-08,0.03512271220068625,0.514799961,0,0,0,0,0.020429145,0.20571406399999997,50286.55774,268418.5331,4.370497641,0.20786388100000003,3831.043082732792,151.08509362428887,paper
21,-14.847366899999999,1.3703936162238693e-08,0.03371814366077763,0.513978494,0,0,0,0,0.020455788,0.205385806,50352.14015,268768.5975,4.322474956000001,0.205579889,3682.8961761803735,145.24671215262734,paper
22,-13.53693008,1.3162677573809688e-08,0.032386392357632514,0.500268642,0,0,0,0,0.020433775,0.19990734899999998,50297.9539,268479.3632,3.9320456439999996,0.187010801,3540.47498689818,139.63234009097314,paper
23,-10.43305574,1.2646864560817137e-08,0.031117249166342266,0.465453351,0,0,0,0,0.020290356000000002,0.185995159,49944.926889999995,266594.983,3.018064597,0.14354123300000002,3403.5594778012937,134.23402374127573,paper
24,-5.692040479,1.2153709162390509e-08,0.029903854388785112,0.41198973,0,0,0,0,0.019967309,0.164631096,49149.74402,262350.4726,1.627987209,0.077428194,3271.937565614551,129.0438335332254,paper
25,-3.55e-15,1.1681252161432836e-08,0.028741387427232326,0.350123526,0,0,0,0,0.01945117,0.139909361,47879.26363,255568.9291,-0.034497167,-0.001640709,3145.4050353027133,124.05397637474958,paper
26,5.692040479,1.122804292069164e-08,0.027626279030141893,0.29159276,0,0,0,0,0.018771407,0.11652046699999999,46206.01884,246637.5181,-1.690225626,-0.080388296,3023.765369079521,119.2568583844812,paper
27,10.43305574,1.0792946743700894e-08,0.026555737309256314,0.24504655600000003,0,0,0,0,0.018016337,0.09792060400000001,44347.406780000005,236716.6576,-3.063787542,-0.145715848,2906.829528759663,114.6451180182217,paper
28,13.53693008,1.0375028812480974e-08,0.02552746217162708,0.213925079,0,0,0,0,0.017292649,0.085484462,42566.03968,227208.1137,-3.957801473,-0.18823576600000003,2794.4157145469458,110.2116415966691,paper
29,14.847366899999999,9.97348411438192e-09,0.02453947290661319,0.197240623,0,0,0,0,0.016694163999999997,0.07881735299999999,41092.861730000004,219344.6153,-4.330651686,-0.20596878,2686.3491139508856,105.94956843625941,paper
30,15.0,9.587594994015702e-09,0.023590003743622454,0.19008908300000002,0,0,0,0,0.016252509,0.075959598,40005.724839999995,213541.7189,-4.369329658,-0.207808331,2582.461648886564,101.8522899002683,paper
31,15.0,9.216705304727806e-09,0.022677440252545342,0.185762683,0,0,0,0,0.015926041999999998,0.074230768,39202.1223,209252.2661,-4.370054915,-0.20784282399999998,2482.591725634624,97.91344495572804,paper
32,15.0,8.860204539792349e-09,0.021800280299013628,0.18242793100000002,0,0,0,0,0.015666367,0.072898201,38562.92909,205840.39399999997,-4.370014545,-0.207840904,2386.583990316364,94.12691378238591,paper
33,15.0,8.517517968543065e-09,0.020957109774632325,0.17973637,0,0,0,0,0.015452438,0.071822654,38036.33994,203029.5774,-4.3698580819999995,-0.207833463,2294.289091331005,90.48681035619565,paper
34,15.0,8.18810039063062e-09,0.02014658722950813,0.17742901,0,0,0,0,0.015267488999999999,0.070900632,37581.08821,200599.5443,-4.36993445,-0.207837095,2205.563449482661,86.98747455559659,paper
35,15.0,7.871432074968322e-09,0.019367433880141276,0.175438187,0,0,0,0,0.015106465,0.0701051,37184.72427,198483.8412,-4.369952355,-0.207837947,2120.2690360980864,83.62346411437458,paper
36,15.0,7.567016022309505e-09,0.018618426874075358,0.173706644,0,0,0,0,0.014965291,0.069413175,36837.22272,196628.9547,-4.369946815,-0.207837683,2038.2731591854276,80.38954661034964,paper
37,15.0,7.2743760340508074e-09,0.01789839453824294,0.17217418899999998,0,0,0,0,0.014839635,0.06880080599999999,36527.91943,194977.9621,-4.369946892,-0.207837687,1959.4482575387199,77.28069159855687,paper
38,15.0,6.993055276186331e-09,0.017206212845615756,0.17079969,0,0,0,0,0.014726433999999998,0.06825155599999999,36249.27332,193490.6108,-4.369946879,-0.20783768600000002,1883.6717026103247,74.2920629494036,paper
39,15.0,6.722615151226689e-09,0.016540802639593736,0.169552822,0,0,0,0,0.014623394,0.067753308,35995.640269999996,192136.7735,-4.369946875,-0.20783768600000002,1810.8256079286589,71.41901142354135,paper
40,15.0,6.462634365291104e-09,0.015901127338611754,0.168398467,0,0,0,0,0.014527801000000002,0.067292027,35760.33627,190880.7728,-4.369946873,-0.20783768600000002,1740.7966458160788,68.65706749811216,paper
41,15.0,6.2127081222596226e-09,0.015286190953374152,0.167335979,0,0,0,0,0.014439603999999998,0.066867457,35543.23882,189721.9546,-4.369946873,-0.20783768600000002,1673.4758711526335,66.0019344489441,paper
42,15.0,5.972447403711139e-09,0.014695036315162818,0.16635588,0,0,0,0,0.014358055,0.06647581,35342.50456,188650.4795,-4.369946873,-0.20783768600000002,1608.7585519300258,63.44948168738169,paper
43,15.0,5.741478309500408e-09,0.014126743453345744,0.165441681,0,0,0,0,0.014281855,0.06611049599999999,35154.93911,187649.2965,-4.369946873,-0.20783768600000002,1546.544006343284,60.99573834705581,paper
44,15.0,5.519441443523635e-09,0.013580428084070801,0.164603226,0,0,0,0,0.014211781000000001,0.065775449,34982.44944,186728.5848,-4.369946873,-0.20783768600000002,1486.735446173386,58.636887114021675,paper
45,14.8982446,5.305991335057274e-09,0.013055240186486374,0.1643183,0,0,0,0,0.014150005,0.065661593,34830.38728,185916.9106,-4.33722881,-0.20628159199999999,1429.2398262211775,56.369258292709986,paper
46,14.02462006,5.100795889570797e-09,0.01255036265148186,0.167813455,0,0,0,0,0.014124359,0.067058257,34767.26068,185579.9548,-4.0781187160000005,-0.193958137,1373.9676995607629,54.18932409968699,paper
47,11.95537049,4.903535865037833e-09,0.012065009993166176,0.178280823,0,0,0,0,0.01418798,0.071241017,34923.86325,186415.8647,-3.468085252,-0.164944525,1320.8330783886227,52.093693177083146,paper
48,8.794693652000001,4.713904371057119e-09,0.01159842711646916,0.196766391,0,0,0,0,0.014373893,0.07862785,35381.49069,188858.5788,-2.541423622,-0.120871859,1269.7533002528448,50.079105317596586,paper
49,5.0,4.531606388879043e-09,0.011149888136180586,0.22245299,0,0,0,0,0.014682011000000002,0.088892215,36139.92611,192906.9395,-1.433485329,-0.06817755,1220.6488994548818,48.142426393131146,paper
50,1.205306348,4.356358310915704e-09,0.010718695243927817,0.252495653,0,0,0,0,0.015080028999999998,0.100897263,37119.65175,198136.4984,-0.329668251,-0.015679249,1173.4434834240824,46.28064347933837,paper
51,-1.955370491,4.1878874986126375e-09,0.0103041776203318,0.28215869,0,0,0,0,0.015515236000000002,0.11275061300000001,38190.91938,203854.6883,0.586056184,0.027873236000000003,1128.0636138728632,44.49086016857472,paper
52,-4.024620056,4.0259318577509195e-09,0.009905690390050027,0.306024937,0,0,0,0,0.015926695,0.122287565,39203.72855,209260.8399,1.181961738,0.056214915,1084.4386925477377,42.770292064039175,paper
53,-4.898244599,3.870239430372828e-09,0.009522613617721276,0.320686149,0,0,0,0,0.016267677,0.128146185,40043.05935,213741.0022,1.430525761,0.068036791,1042.500851398535,41.11626244811664,paper
54,-5.0,3.720568002608468e-09,0.009154351343034207,0.327567799,0,0,0,0,0.016523665,0.130896092,40673.17783,217104.4354,1.456166131,0.069256265,1002.184846994983,39.52619811820833,paper
55,-5.0,3.576684727740554e-09,0.00880033065328904,0.33176546,0,0,0,0,0.016709997,0.132573478,41131.8355,219552.6487,1.456770685,0.069285018,963.427959026422,37.9976253835837,paper
56,-5.0,3.4383657638893537e-09,0.00846000079193169,0.335031862,0,0,0,0,0.016858716,0.133878732,41497.91043,221506.6758,1.456780978,0.069285508,926.1698927267569,36.52816621703351,paper
57,-5.0,3.3053959257351362e-09,0.008132832301626796,0.337794909,0,0,0,0,0.016985992,0.134982846,41811.20018,223178.9473,1.456781245,0.06928552,890.3526850728592,35.115534555341625,paper
58,-5.0,3.177568349724895e-09,0.007818316200508432,0.340184074,0,0,0,0,0.017097006,0.135937556,42084.4623,224637.56,1.456781237,0.06928552,855.9206146104922,33.7575327428226,paper
59,-5.0,3.0546841722356692e-09,0.007515963190310131,0.342237613,0,0,0,0,0.017193188999999998,0.13675815,42321.21895,225901.3147,1.456781226,0.069285519,822.8201147674812,32.45204811239409,paper
60,-5.0,2.936552220189669e-09,0.00722530289513225,0.344048024,0,0,0,0,0.017278379,0.137481591,42530.91325,227020.6166,1.4567812119999999,0.069285519,790.9996905192676,31.197049698866074,paper
61,-5.0,2.822988713637424e-09,0.006945883129656291,0.345613733,0,0,0,0,0.017352541000000003,0.13810724800000002,42713.46516,227995.0383,1.45678119,0.069285518,760.4098382772047,29.99058507933418,paper
62,-5.0,2.7138169798447686e-09,0.006677269195664089,0.347019695,0,0,0,0,0.017419358,0.13866907,42877.93474,228872.9406,1.456781184,0.069285517,731.0029688749622,28.830777335762146,paper
63,-5.0,2.6088671784379812e-09,0.0064190432057652826,0.34822997200000005,0,0,0,0,0.017477271000000003,0.139152697,43020.48926,229633.8651,1.456781186,0.069285517,702.7333335332337,27.71582213502821,paper
64,-5.0,2.5079760371789555e-09,0.006170803433279659,0.349345332,0,0,0,0,0.017530707,0.139598395,43152.02171,230335.9563,1.456781185,0.069285517,675.5569526875614,26.643984921892844,paper
65,-5.0,2.4109865979590087e-09,0.005932163687262178,0.35033007899999996,0,0,0,0,0.017578097,0.13999189999999997,43268.67347,230958.6176,1.456781186,0.069285517,649.4315475685637,25.613598220521187,paper
66,-5.0,2.31774797261598e-09,0.0057027527116979065,0.351231026,0,0,0,0,0.017621522,0.14035191800000002,43375.563369999996,231529.1722,1.456781186,0.069285517,624.3164744281152,24.62305904036186,paper
67,-5.0,2.2281151081946277e-09,0.005482213607931939,0.35205041299999995,0,0,0,0,0.01766108,0.140679345,43472.93634,232048.9277,1.456781186,0.069285517,600.1726613091598,23.670826382346696,paper
68,-5.0,2.141948561285061e-09,0.00527020327943554,0.35279930299999995,0,0,0,0,0.017697301999999998,0.14097860199999998,43562.096919999996,232524.8472,1.456781186,0.069285517,576.9625472607869,22.75541884153171,paper
69,-5.0,2.0591142810881048e-09,0.005066391898044677,0.353492309,0,0,0,0,0.017730864,0.141255527,43644.71181,232965.8272,1.456781186,0.069285517,554.6500239040051,21.875412302449583,paper
70,-5.0,1.9794834008700763e-09,0.004870462390840446,0.35413123399999996,0,0,0,0,0.017761855,0.141510841,43720.994419999995,233373.0069,1.456781186,0.069285517,533.2003792573066,21.02943772358841,paper
71,-5.0,1.9029320374825272e-09,0.004682109946873127,0.354740564,0,0,0,0,0.017791414,0.141754329,43793.75474,233761.3854,1.456781186,0.069285517,512.5802437346342,20.21617900755003,paper
72,-5.0,1.8293410986350516e-09,0.0045010415429624275,0.355308403,0,0,0,0,0.017818986999999998,0.141981238,43861.62759,234123.6757,1.456781186,0.069285517,492.7575382317333,19.434370953574295,paper
0,-5.0,1.44e-06,3.5430788860000004,0.36944015700000005,0,0,0,0,0.018513157,0.147628287,45570.333210000004,243244.3687,1.456781186,0.069285517,0.0,0.0,none
1,-5.006022144,8.734041500049867e-07,2.148985974185726,0.369521075,0,0,0,0,0.018513165,0.147660622,45570.35409,243244.4802,1.459198578,0.06940049,0.0,0.0,none
2,-5.932511744,5.297463953096759e-07,1.3034258806641128,0.37736079299999997,0,0,0,0,0.018541238,0.150793373,45639.455839999995,243613.33,1.7386858230000002,0.082693096,0.0,0.0,none
3,-8.885753344,3.2130743063448136e-07,0.7905677593027365,0.40593971700000003,0,0,0,0,0.018693254,0.162213511,46013.64521,245610.6701,2.609542943,0.124111661,0.0,0.0,none
4,-12.49102694,1.948828078774968e-07,0.4795035846077455,0.44704521700000005,0,0,0,0,0.018988321000000002,0.178639269,46739.9553,249487.5529,3.658415008,0.17399674,0.0,0.0,none
5,-14.68241254,1.1820239803113208e-07,0.2908336255129667,0.478794647,0,0,0,0,0.019312376000000003,0.191326341,47537.62033,253745.3126,4.286323923,0.20386052100000002,0.0,0.0,none
6,-15.0,7.169337845898058e-08,0.1763995107527926,0.490256982,0,0,0,0,0.019554477,0.19590669,48133.55288,256926.2688,4.37217887,0.20794384100000002,0.0,0.0,none
7,-15.0,4.3484232134688696e-08,0.10699171163217934,0.494826826,0,0,0,0,0.019707281,0.1977328,48509.683189999996,258933.9694,4.3705340569999995,0.207865613,0.0,0.0,none
8,-15.0,2.637452000431757e-08,0.06489375344144599,0.498128949,0,0,0,0,0.01982167,0.199052328,48791.2526,260436.9246,4.3705412589999995,0.207865955,0.0,0.0,none
9,-15.0,1.5996955018167014e-08,0.039360051086916176,0.500535895,0,0,0,0,0.019907231,0.20001414399999998,49001.86109,261561.1062,4.370541775,0.20786598,0.0,0.0,none
10,-15.0,9.702643680770949e-09,0.023873077752583943,0.502821728,0,0,0,0,0.019988851999999998,0.200927563,49202.77304,262633.5298,4.370541932,0.207865987,0.0,0.0,none
11,-15.0,5.884950872781254e-09,0.014479753598957317,0.5043419020000001,0,0,0,0,0.02004427,0.20153502399999998,49339.18488,263361.666,4.370541941,0.207865988,0.0,0.0,none
12,-15.0,3.5694031353212605e-09,0.008782414503040945,0.5058385,0,0,0,0,0.020098881000000002,0.20213306399999997,49473.61056,264079.2006,4.370541946,0.207865988,0.0,0.0,none
13,-15.0,2.164952438493333e-09,0.005326803662513849,0.507335097,0,0,0,0,0.020153492,0.202731105,49608.036239999994,264796.7352,4.370541951,0.207865988,0.0,0.0,none
14,-15.0,1.3131100307940919e-09,0.0032308697396537206,0.508750894,0,0,0,0,0.020205246,0.203296857,49735.427910000006,265476.7238,4.370541954,0.207865988,0.0,0.0,none
15,-15.0,7.964414932699551e-10,0.001959621554679923,0.509825916,0,0,0,0,0.020244947,0.203726436,49833.15353,265998.3616,4.370541955,0.207865988,0.0,0.0,none
16,-15.0,4.830661843459356e-10,0.0011885705543726863,0.5109009379999999,0,0,0,0,0.020284649,0.204156015,49930.87915,266519.9993,4.370541955,0.207865988,0.0,0.0,none
17,-15.0,2.9299445148250976e-10,0.0007209044824741888,0.51197596,0,0,0,0,0.02032435,0.204585593,50028.60477,267041.6371,4.370541955,0.207865988,0.0,0.0,none
18,-15.0,1.7771011795365183e-10,0.0004372506713542732,0.512989313,0,0,0,0,0.020361846,0.20499053,50120.90227,267534.3008,4.370541955,0.207865988,0.0,0.0,none
19,-15.0,1.0778663508235781e-10,0.00026520593816200616,0.513915088,0,0,0,0,0.020396211,0.205360469,50205.490999999995,267985.8167,4.370541955,0.207865988,0.0,0.0,none
20,-15.0,6.537589888611415e-11,0.0001608555326365708,0.514799961,0,0,0,0,0.020429145,0.20571406399999997,50286.55774,268418.5331,4.370497641,0.20786388100000003,0.0,0.0,none
21,-14.847366899999999,3.9652487081554484e-11,9.756381233058575e-05,0.513978494,0,0,0,0,0.020455788,0.205385806,50352.14015,268768.5975,4.322474956000001,0.205579889,0.0,0.0,none
22,-13.53693008,2.4050449149339454e-11,5.917544345822312e-05,0.500268642,0,0,0,0,0.020433775,0.19990734899999998,50297.9539,268479.3632,3.9320456439999996,0.187010801,0.0,0.0,none
23,-10.43305574,1.45873347892479e-11,3.589172076027604e-05,0.465453351,0,0,0,0,0.020290356000000002,0.185995159,49944.926889999995,266594.983,3.018064597,0.14354123300000002,0.0,0.0,none
24,-5.692040479,8.847665793361966e-12,2.1769429071420295e-05,0.41198973,0,0,0,0,0.019967309,0.164631096,49149.74402,262350.4726,1.627987209,0.077428194,0.0,0.0,none
25,-3.55e-15,5.3663805706802095e-12,1.3203826176540059e-05,0.350123526,0,0,0,0,0.01945117,0.139909361,47879.26363,255568.9291,-0.034497167,-0.001640709,0.0,0.0,none
26,5.692040479,3.2548743478737653e-12,8.00852540176011e-06,0.29159276,0,0,0,0,0.018771407,0.11652046699999999,46206.01884,246637.5181,-1.690225626,-0.080388296,0.0,0.0,none
27,10.43305574,1.9741810855400838e-12,4.857416195359466e-06,0.24504655600000003,0,0,0,0,0.018016337,0.09792060400000001,44347.406780000005,236716.6576,-3.063787542,-0.145715848,0.0,0.0,none
28,13.53693008,1.1974013562305963e-12,2.9461718495336046e-06,0.213925079,0,0,0,0,0.017292649,0.085484462,42566.03968,227208.1137,-3.957801473,-0.18823576600000003,0.0,0.0,none
29,14.847366899999999,7.262606345509737e-13,1.7869435555628592e-06,0.197240623,0,0,0,0,0.016694163999999997,0.07881735299999999,41092.861730000004,219344.6153,-4.330651686,-0.20596878,0.0,0.0,none
30,15.0,4.404993418069968e-13,1.0838360536481025e-06,0.19008908300000002,0,0,0,0,0.016252509,0.075959598,40005.724839999995,213541.7189,-4.369329658,-0.207808331,0.0,0.0,none
31,15.0,2.671763563949279e-13,6.573797966536668e-07,0.185762683,0,0,0,0,0.015926041999999998,0.074230768,39202.1223,209252.2661,-4.370054915,-0.20784282399999998,0.0,0.0,none
32,15.0,1.6205065170732037e-13,3.987210017546852e-07,0.18242793100000002,0,0,0,0,0.015666367,0.072898201,38562.92909,205840.39399999997,-4.370014545,-0.207840904,0.0,0.0,none
33,15.0,9.828868868901828e-14,2.4183651224075535e-07,0.17973637,0,0,0,0,0.015452438,0.071822654,38036.33994,203029.5774,-4.3698580819999995,-0.207833463,0.0,0.0,none
34,15.0,5.961510319412271e-14,1.46681259315144e-07,0.17742901,0,0,0,0,0.015267488999999999,0.070900632,37581.08821,200599.5443,-4.36993445,-0.207837095,0.0,0.0,none
35,15.0,3.6158387869946057e-14,8.896668098180862e-08,0.175438187,0,0,0,0,0.015106465,0.0701051,37184.72427,198483.8412,-4.369952355,-0.207837947,0.0,0.0,none
36,15.0,2.1931170849375598e-14,5.3961019709500954e-08,0.173706644,0,0,0,0,0.014965291,0.069413175,36837.22272,196628.9547,-4.369946815,-0.207837683,0.0,0.0,none
37,15.0,1.3301927523828496e-14,3.272901288387431e-08,0.17217418899999998,0,0,0,0,0.014839635,0.06880080599999999,36527.91943,194977.9621,-4.369946892,-0.207837687,0.0,0.0,none
38,15.0,8.068026876650947e-15,1.9851149776626736e-08,0.17079969,0,0,0,0,0.014726433999999998,0.06825155599999999,36249.27332,193490.6108,-4.369946879,-0.20783768600000002,0.0,0.0,none
39,15.0,4.893505664179658e-15,1.2040330970330802e-08,0.169552822,0,0,0,0,0.014623394,0.067753308,35995.640269999996,192136.7735,-4.369946875,-0.20783768600000002,0.0,0.0,none
40,15.0,2.9680612188662646e-15,7.302829886750339e-09,0.168398467,0,0,0,0,0.014527801000000002,0.067292027,35760.33627,190880.7728,-4.369946873,-0.20783768600000002,0.0,0.0,none
41,15.0,1.8002201291851764e-15,4.429390229075133e-09,0.167335979,0,0,0,0,0.014439603999999998,0.066867457,35543.23882,189721.9546,-4.369946873,-0.20783768600000002,0.0,0.0,none
42,15.0,1.0918887026061433e-15,2.6865609778234443e-09,0.16635588,0,0,0,0,0.014358055,0.06647581,35342.50456,188650.4795,-4.369946873,-0.20783768600000002,0.0,0.0,none
43,15.0,6.622639751387264e-16,1.6294816022725352e-09,0.165441681,0,0,0,0,0.014281855,0.06611049599999999,35154.93911,187649.2965,-4.369946873,-0.20783768600000002,0.0,0.0,none
44,15.0,4.016834057534464e-16,9.88330551237227e-10,0.164603226,0,0,0,0,0.014211781000000001,0.065775449,34982.44944,186728.5848,-4.369946873,-0.20783768600000002,0.0,0.0,none
45,14.8982446,2.4363330109249783e-16,5.994527812689652e-10,0.1643183,0,0,0,0,0.014150005,0.065661593,34830.38728,185916.9106,-4.33722881,-0.20628159199999999,0.0,0.0,none
46,14.02462006,1.4777106684277919e-16,3.635864908974623e-10,0.167813455,0,0,0,0,0.014124359,0.067058257,34767.26068,185579.9548,-4.0781187160000005,-0.193958137,0.0,0.0,none
47,11.95537049,8.962768266051915e-17,2.2052635419138456e-10,0.178280823,0,0,0,0,0.01418798,0.071241017,34923.86325,186415.8647,-3.468085252,-0.164944525,0.0,0.0,none
48,8.794693652000001,5.436193749376903e-17,1.3375599509460057e-10,0.196766391,0,0,0,0,0.014373893,0.07862785,35381.49069,188858.5788,-2.541423622,-0.120871859,0.0,0.0,none
49,5.0,3.2972181812062185e-17,8.112711194699359e-11,0.22245299,0,0,0,0,0.014682011000000002,0.088892215,36139.92611,192906.9395,-1.433485329,-0.06817755,0.0,0.0,none
50,1.205306348,1.9998639187065312e-17,4.9206080730849526e-11,0.252495653,0,0,0,0,0.015080028999999998,0.100897263,37119.65175,198136.4984,-0.329668251,-0.015679249,0.0,0.0,none
51,-1.955370491,1.212978781974667e-17,2.98449966081975e-11,0.28215869,0,0,0,0,0.015515236000000002,0.11275061300000001,38190.91938,203854.6883,0.586056184,0.027873236000000003,0.0,0.0,none
52,-4.024620056,7.357088208643526e-18,1.8101905482280863e-11,0.306024937,0,0,0,0,0.015926695,0.122287565,39203.72855,209260.8399,1.181961738,0.056214915,0.0,0.0,none
53,-4.898244599,4.462299564848618e-18,1.0979360674459811e-11,0.320686149,0,0,0,0,0.016267677,0.128146185,40043.05935,213741.0022,1.430525761,0.068036791,0.0,0.0,none
54,-5.0,2.7065214989612702e-18,6.659318873246353e-12,0.327567799,0,0,0,0,0.016523665,0.130896092,40673.17783,217104.4354,1.456166131,0.069256265,0.0,0.0,none
55,-5.0,1.6415882703267295e-18,4.039081069513817e-12,0.33176546,0,0,0,0,0.016709997,0.132573478,41131.8355,219552.6487,1.456770685,0.069285018,0.0,0.0,none
56,-5.0,9.956736165992172e-19,2.4498265057777405e-12,0.335031862,0,0,0,0,0.016858716,0.133878732,41497.91043,221506.6758,1.456780978,0.069285508,0.0,0.0,none
57,-5.0,6.03906575547382e-19,1.4858948867628426e-12,0.337794909,0,0,0,0,0.016985992,0.134982846,41811.20018,223178.9473,1.456781245,0.06928552,0.0,0.0,none
58,-5.0,3.6628785367943303e-19,9.012408059512894e-13,0.340184074,0,0,0,0,0.017097006,0.135937556,42084.4623,224637.56,1.456781237,0.06928552,0.0,0.0,none
59,-5.0,2.2216481354169174e-19,5.466301806053437e-13,0.342237613,0,0,0,0,0.017193188999999998,0.13675815,42321.21895,225901.3147,1.456781226,0.069285519,0.0,0.0,none
60,-5.0,1.3474977092527615e-19,3.315479640685296e-13,0.344048024,0,0,0,0,0.017278379,0.137481591,42530.91325,227020.6166,1.4567812119999999,0.069285519,0.0,0.0,none
61,-5.0,8.172986745719268e-20,2.01094005377193e-13,0.345613733,0,0,0,0,0.017352541000000003,0.13810724800000002,42713.46516,227995.0383,1.45678119,0.069285518,0.0,0.0,none
62,-5.0,4.9571670428103875e-20,1.2196967974830934e-13,0.347019695,0,0,0,0,0.017419358,0.13866907,42877.93474,228872.9406,1.456781184,0.069285517,0.0,0.0,none
63,-5.0,3.006673796846207e-20,7.397835032427258e-14,0.34822997200000005,0,0,0,0,0.017477271000000003,0.139152697,43020.48926,229633.8651,1.456781186,0.069285517,0.0,0.0,none
64,-5.0,1.8236398415810616e-20,4.487013762759892e-14,0.349345332,0,0,0,0,0.017530707,0.139598395,43152.02171,230335.9563,1.456781185,0.069285517,0.0,0.0,none
65,-5.0,1.1060934762162051e-20,2.721511417724986e-14,0.35033007899999996,0,0,0,0,0.017578097,0.13999189999999997,43268.67347,230958.6176,1.456781186,0.069285517,0.0,0.0,none
66,-5.0,6.708796058476911e-21,1.65068011564372e-14,0.351231026,0,0,0,0,0.017621522,0.14035191800000002,43375.563369999996,231529.1722,1.456781186,0.069285517,0.0,0.0,none
67,-5.0,4.0690904993130786e-21,1.001188099537456e-14,0.35205041299999995,0,0,0,0,0.01766108,0.140679345,43472.93634,232048.9277,1.456781186,0.069285517,0.0,0.0,none
68,-5.0,2.4680281450318796e-21,6.072512785219583e-15,0.35279930299999995,0,0,0,0,0.017697301999999998,0.14097860199999998,43562.096919999996,232524.8472,1.456781186,0.069285517,0.0,0.0,none
69,-5.0,1.4969347390277448e-21,3.683165185811891e-15,0.353492309,0,0,0,0,0.017730864,0.141255527,43644.71181,232965.8272,1.456781186,0.069285517,0.0,0.0,none
70,-5.0,9.079368148287939e-22,2.233952610029161e-15,0.35413123399999996,0,0,0,0,0.017761855,0.141510841,43720.994419999995,233373.0069,1.456781186,0.069285517,0.0,0.0,none
71,-5.0,5.506915152873457e-22,1.3549607503569034e-15,0.354740564,0,0,0,0,0.017791414,0.141754329,43793.75474,233761.3854,1.456781186,0.069285517,0.0,0.0,none
72,-5.0,3.34011288072571e-22,8.218252378163821e-16,0.355308403,0,0,0,0,0.017818986999999998,0.141981238,43861.62759,234123.6757,1.456781186,0.069285517,0.0,0.0,none
